ADS,ALV,BAS,BAYN,BEI,BMW,CBK,CONS,DAI,DB1,DBK,DPW,DTE,FME,FRE,HEI,HEN3,IFX,LHA,LIN,LXS,MUV2,RWE,SAP,SDF,SIE,TKA,VOW3,^GDAXI
186.35,196.45,91.05,114.45,90.96,85.46,12.16,212.95,69.25,90.48,14.53,38.23,15.4,82.08,70.65,86.05,116,22.66,27.15,182.55,67.29,186.4,20.62,95.49,20.64,115.15,22.99,144.5,12953.41
187.4,197,90.11,116.25,91.1,86.42,12.11,214.15,69.4,90.3,14.66,38.23,15.52,83.08,71.42,86.33,116.45,22.83,26.18,182.9,67.31,185.95,21.3,95.33,20.73,115.95,23.5,145.5,13013.19
187,196.2,91,117.25,92,86.01,11.43,212.35,68.76,92.21,14.23,38.15,15.42,83.09,71.5,85.66,115.9,22.74,25.96,183.05,67.69,186.05,21.41,95.99,20.82,116.5,23.5,142.2,13003.14
187.25,197,90.45,117.95,92.02,86.3,11.61,213.5,68.36,92.83,14.4,38.22,15.4,82.87,71.17,84.91,116.6,22.47,25.72,178.95,68.06,188.35,21.45,95.22,20.94,115.9,23.34,141.55,12991.28
186.85,195.95,90.05,118.7,93.08,87.41,11.68,213.05,68.94,91.05,14.18,38.07,15.35,82.58,70.58,83.94,117.6,22.31,25.44,173.35,66.45,186.7,21.37,95.6,20.66,117.4,23.42,143.2,12990.1
190.5,195.95,90.27,118.9,94.21,88.2,11.81,216.05,69.32,92.86,14.38,38.26,15.55,82.05,70.53,83.88,119.2,22.18,25.56,174.7,66.5,185.8,21.27,95.01,20.8,118.25,23.57,144.65,13043.03
191.3,195.3,89.31,118.6,93.5,87.44,11.73,214.9,68.72,94.59,14.25,38.17,15.43,81.35,70.13,84.01,119.05,22.37,25.42,175.4,66.14,184.2,21.28,94.52,20.72,118.5,23.49,143.15,12995.06
192.15,195.9,89.03,119.6,93.99,87.08,11.78,214.75,68.38,94.71,14.11,38.37,15.56,81.48,70.1,84.66,118.7,21.73,25.28,173.65,66.57,184.45,21.02,94.63,20.83,119.05,23.82,143.75,13003.7
193.1,195.55,88.9,118.15,93.86,87.27,11.69,215.35,67.91,95.1,13.99,38.21,15.45,80.88,69.45,85.69,119.05,21.8,25.04,176.45,67.31,184.65,20.96,95.12,20.75,119.9,23.75,144.15,12991.87
194,195.55,89.31,116.8,92.73,87.82,11.7,216.15,68.01,95.9,14.17,38.21,15.43,80.98,69.55,85.89,119.25,21.65,25.13,174.7,66.47,184.55,20.86,95.18,20.65,119.5,23.65,143.7,12982.89
194,194.35,89.24,117.15,91.97,88.39,11.7,215.75,68.09,94.5,14.32,38.06,15.65,81.48,69.55,85.96,118.55,21.72,24.56,175.2,66.25,184.25,20.49,94.82,20.85,119.65,23.6,142.3,12970.68
195,193.5,90,117,91.55,88.42,11.57,216.15,67.98,93.51,14.31,38.06,15.67,81.01,69,85.61,118.35,21.51,24.58,175.9,66.17,183.55,19.81,95.03,20.97,119.75,23.14,141.35,12949.25
195.1,193.95,90.21,117.25,90.93,88.87,11.62,215.55,68.62,93.21,14.38,37.41,15.7,82.8,69.86,84.83,116.5,21.65,23.99,175.1,66.36,184.3,19.92,95.45,20.66,120.2,23.01,142.2,12976.4
194.2,193.25,90.33,116.6,91.7,88.87,11.64,216.5,68.44,93.19,14.7,37.41,15.69,83.64,70.65,85.95,117.2,21.6,24.25,178.7,67,183.85,19.45,94.33,22.18,119.5,24.06,141.7,12955.94
194.2,193.25,90.33,116.6,91.7,88.71,11.64,216.5,68.44,93.19,14.7,37.97,15.69,83.64,70.65,85.95,117.2,21.6,24.25,178.7,67,183.85,19.45,94.33,22.18,119.5,24.06,141.7,12968.05
195.05,192.15,89.57,117.65,91.26,88.48,11.39,216.25,68.44,92.29,14.35,37.97,15.66,85.22,71.31,85.45,117.35,22.02,24.67,178.05,67.04,181.65,19.38,93.79,22.44,121,24.1,140.75,12970.52
196.1,191.25,89.87,115.3,91.34,86.16,11.45,214.75,67.62,92.46,14.49,38.13,15.73,84.3,68.77,85.75,116.75,21.9,24.32,176.7,66.72,181.2,19.55,94.08,22.99,119.9,24.7,137.6,12970.52
196.1,191.25,89.87,115.3,91.34,86.16,11.45,214.75,67.62,92.46,14.49,38.13,15.73,84.3,68.77,85.75,116.75,21.9,24.32,176.7,66.72,181.2,19.55,94.08,22.99,119.9,24.7,137.6,12902.65
191.4,189.95,90.04,115.3,91.03,85.83,11.51,214.75,67.47,91.71,14.63,37.67,15.78,82.77,68.25,86.97,115.15,21.27,23.51,176.45,66.76,180.9,19.22,92.69,23.05,119.2,25.08,138,12828.86
188.25,186.85,89.12,112.9,90.84,84.42,11.34,214,66.65,90.7,14.37,37.69,15.7,82.67,68.09,86.52,114.4,21.02,23.42,174.7,66.94,179.15,19.33,92.18,22.8,118.05,25.21,138.35,12704.65
187.85,186.65,88.61,111.8,91.09,84.97,11.45,213.1,66.83,90.87,13.99,37.22,15.7,81.32,67.5,85.79,114.1,20.85,23.66,170.65,65.94,178.25,19.4,91.66,22.58,117.95,24.91,140.7,12657.41
188.05,185.45,88.89,112.4,92.01,84.89,11.13,212.4,66.74,90.52,13.63,37.06,15.73,81.44,67.93,83.88,112.4,20.48,22.9,168.75,66.01,176.15,19.27,91.42,22.35,116.55,24.73,141.05,12605.2
192.75,185.7,88.63,111.9,91.72,84.78,11.03,210.8,66.7,90.66,13.66,37.18,15.61,82.03,68.11,83.7,113.85,20.53,23,164,65.91,177.6,19.16,91.88,22.12,116.65,24.7,137.8,12594.81
192.25,186.7,88.34,110.1,90.73,85.09,11.23,212.5,66.6,90.15,13.9,37.22,15.46,81.57,67.72,85.3,113.4,20.89,22.88,165.3,66.16,178,20.23,92.09,22.15,116.55,25.02,137.6,12592.35
193.5,185.5,88.43,110.4,90.42,85.14,11.21,211.95,66.87,94.01,13.94,37.08,15.34,81.9,68.08,85.39,113.6,20.62,22.65,167.15,66.18,176.8,20.25,91.74,22.17,117.45,24.97,137.9,12600.03
193.25,184.15,87.85,109.85,91.7,84.46,10.84,208.85,66.58,94.78,13.57,36.95,15.68,82.1,68.75,83.91,114.8,20.58,22.65,166.4,65.83,174.25,20.83,91.84,21.92,115.95,25.85,136.7,12569.17
194.95,184.95,87.33,109.9,92.08,84.71,10.58,207.9,66.51,95.37,13.8,36.86,15.56,82.79,69.68,83.27,115.45,20.85,22.85,162.35,65.75,174.7,20.17,91.9,21.61,116,25.25,137.45,12561.79
196.9,185.2,87.46,110.5,92.33,84.62,10.69,205.75,66.5,94.59,13.85,36.4,15.09,81.94,69.81,82.61,116.1,20.83,22.4,163.3,65.5,174.6,20.19,92.11,21.64,116.85,25.66,137.25,12559.39
197.9,184.95,86.2,110.25,92.21,84.83,10.69,206.95,66.25,93.45,13.81,36.12,15.01,81.6,69.91,82.51,115.85,20.5,22.46,161.85,64.05,175.3,20.17,92.01,20.98,116.3,25.85,136.75,12518.81
197.65,185,86.1,111.85,92.34,84.37,10.78,204.2,65.83,92.62,14.05,36.19,14.99,81.53,70.17,82.37,115.75,20.39,22.46,162.2,63.98,176.05,20.4,91.93,20.56,117.1,26.07,136.45,12540.45
199.2,184.15,86.13,111.55,92.32,84.07,10.77,200,65.67,94.25,14.14,36.45,15.01,81.36,70.45,82.41,116.55,20.48,22.7,163.2,64.01,175.9,20.65,92.28,20.48,116.9,26.3,136.6,12553.57
197.9,183.4,86.04,111.3,92.08,83.6,10.81,200.75,65.26,93.48,14.2,36.06,15.11,80.9,70.3,82.82,117.3,20.55,22.98,163.4,65.23,176.7,20.92,91.85,20.91,115.55,26.7,135.6,12524.77
197.6,183.95,85.6,110.3,92.69,82.85,10.5,200.5,64.65,93.72,13.71,35.79,15.15,80.39,70.49,83.01,118.6,20.35,22.58,163.35,64.13,176.4,21.52,91.78,20.41,114.95,26.38,133,12475.24
194.95,180.15,84.4,108.65,91.6,82.52,10.17,198.95,64.83,92.25,13.34,35.21,15.03,79.44,70.25,82.27,116.9,20.18,22.08,161.05,62.88,169.5,21.33,90.54,20.31,112.25,26.02,132.35,12303.98
195.4,180.15,83.9,109.35,91.25,82.65,10.02,197.85,64.91,92.14,13.26,35.26,15.09,79.78,70.57,81.53,116.6,20.12,22,160.8,62.89,168,21.39,90.11,20.53,112.9,25.57,131.65,12296.63
191.25,179.45,83.17,108.75,90.53,81.76,10.19,194.1,64.4,92.67,13.41,34.99,15,79.03,71.24,80.92,116.2,19.81,21.8,160.8,62.27,169.5,20.6,88.65,20.28,112.65,25.07,131.2,12214.54
189.6,178.85,82.67,107.4,89.85,80.5,10.1,192.35,62.42,91.38,13.22,34.83,15,79.22,70.7,81.15,115.4,19.77,21.56,160.45,61.81,169.35,20.56,88.21,20.28,112.3,25.15,129.1,12123.71
189.55,180.55,82.24,107.75,89.77,79.13,10.38,191.1,61.84,91.21,13.47,34.81,15.09,78.73,70.55,81.31,113.4,19.62,21.56,159.5,64.1,171.65,20.69,87.88,20.32,111.25,25.06,126.75,12102.21
190.4,180.95,82.44,108.35,89.79,79,10.47,189.95,61.8,91.3,13.53,35.13,15.11,79.12,71.3,81.37,113.3,19.83,21.76,160.35,63.34,173.35,20.99,88.6,20.43,110.75,25.4,126.5,12142.64
188.55,179.75,81.37,107.5,89.68,78,10.44,189.55,61.23,89.79,13.47,34.85,15.16,78.5,71.09,80.65,112.55,19.37,21.07,161.05,62.65,173.4,20.95,88.1,20.02,109.8,25.19,125.35,12055.84
185.7,178.5,81.48,107.05,88.68,78.37,10.32,191.45,61.59,89.23,13.45,34.58,15.12,78.18,70.39,78.84,112.25,19.03,20.34,160.8,63.31,173.9,20.77,87.53,20.01,109.3,24.72,125.9,12002.47
183.2,178.05,80.67,107.15,88.54,78.32,10.23,189.6,61.52,88.21,13.31,34.31,15.1,77.76,70.99,77.62,111.6,18.94,20.35,159.2,62.34,172.25,20.6,87.14,20.02,108.7,24.48,126.5,11945.88
185.3,181.35,81.76,108.95,88.61,79.21,10.57,192.3,61.9,89.54,13.71,34.67,15.26,78.24,71.1,78.94,112.65,19.22,20.65,162.6,64.8,174.85,21.03,87.85,20.43,110.9,25.25,127.4,12123.47
187.7,182.2,82.3,109,88.75,79.29,10.61,191.95,62.17,90.63,13.8,34.73,15.3,78.85,71.09,79.63,113.05,19.15,20.76,164.85,65.1,176.8,21.04,88.35,20.35,110.85,25.18,127.35,12167.94
188.6,182.75,82.58,107.7,89.19,79.79,10.65,192.8,61.65,89.5,13.81,35.03,15.38,79.38,71.44,80.14,113.55,19.05,20.8,166.2,64.86,177.5,20.8,88.58,20.45,111.65,25.05,127.6,12180.83
188.75,181.6,82.37,108.05,89.35,79.11,10.69,194.35,60.77,89.42,13.8,34.97,15.43,79.65,70.65,80.17,113.9,19.02,20.83,166.55,64.3,177.25,20.83,89.28,20.75,112.15,25.1,126.6,12174.3
189.35,182.9,82.22,108.9,89.63,79.38,10.74,195.7,60.83,89.84,13.74,35.22,15.56,79.81,70.41,80.97,113.8,19.01,21,167.65,63.9,177.8,20.79,89.59,19.86,112.95,25.4,127.3,12229.34
187.75,181.3,80.44,106.4,88.45,78.97,10.77,191.55,60.11,89.03,13.76,34.8,15.43,78.38,68.29,79.44,112.8,18.63,20.86,163.5,62.46,176.95,20.44,88.67,19.56,111.1,25.26,126.75,12065.99
189.25,182.7,81.4,107.9,89.23,79.54,10.94,192.25,60.31,89.44,14.1,34.98,15.51,79.06,68.7,79.63,113.1,18.77,20.74,165.65,62.6,178.7,20.6,89.24,19.76,111.3,26.09,128,12165.19
191.75,182.6,81.48,108.1,89.5,79.81,10.88,193.4,60.42,89.2,14.11,35.12,15.56,79.92,69.7,80.58,113.25,19,20.66,166,62.95,176.4,20.43,89.87,20,111.45,26.11,128.9,12203.46
193.5,183.85,81.83,108.1,89.69,80.14,11.2,193.25,60.52,89.75,14.58,35.51,15.61,79.12,69.59,81.75,113.2,19.12,20.75,165.25,63.66,177.8,20.22,90.35,20.1,112.35,26.32,129.8,12263.86
194.3,183,80.93,107.05,89.69,80,11.18,189.4,60.25,88.94,14.58,35.1,15.69,79.01,69.24,80.43,113.45,19.06,20.59,162.45,62.56,177.15,19.65,90,20.66,110.05,26.06,128.85,12177.04
193.9,182.2,80.95,107.05,89.51,80.2,11.12,189.9,60.15,89.27,14.66,34.76,15.77,77.83,69.02,80.5,114.5,19.11,19.66,162.35,63.6,177.9,19.21,89.84,21.83,110.2,26.25,128.6,12165.12
192,180.15,79.87,105.7,88.81,79.95,10.75,189.65,59.8,88.31,14.22,34.24,15.5,77.47,68.35,79.48,114,18.96,19.6,158.75,63.63,176.3,18.83,88.43,21.48,109.2,25.7,127.5,12014.06
191.3,181.3,79.8,104.65,88.58,80.05,10.93,190.45,59.87,88.6,14.42,34.15,15.63,76.53,67.23,78.94,114.45,19.1,19.66,158.65,64.52,177.35,18.94,88.99,21.73,108.6,25.77,127.15,12014.3
193.4,184.25,80.64,105.9,89.7,80.07,11.11,190.85,60.02,89.24,14.88,34.42,15.85,77.37,68.11,80.25,119.35,19.17,19.67,158.9,66.72,181.5,19.05,89.93,22.15,110.45,25.56,128,12154
199.3,187.1,81.7,106.8,90.22,80.79,11.6,189.95,60.5,90.01,15.47,34.6,15.98,78.02,69.16,81.63,119.9,19.13,20.05,160.55,67.8,186.1,18.9,90.82,22.47,112,25.85,129.4,12292.05
199.25,185.3,81.71,106.8,90.39,81,11.67,188.75,60.41,90.44,15.47,34.15,15.94,77.88,68.64,82.83,118.85,19.24,19.81,161.55,67.35,185.95,18.56,90.66,22.41,111.25,25.73,129.25,12257.17
199.95,185.8,82.11,107,90.55,81.35,11.64,189.05,60.53,91.31,15.64,34.2,15.75,79.04,69.95,83.3,119.25,19.23,19.61,161.95,67.23,186.15,18.5,91.44,22.31,111.55,25.41,130,12297.72
193.15,183.5,80.6,106.25,90.4,79.38,11.24,188.7,59.77,90.35,15.28,33.67,15.56,77.79,69.5,82.1,118.8,18.52,19.3,161.05,66.31,184.6,18.06,90.55,21.95,112.5,24.93,130,12154.72
191.85,183.6,80.71,106.2,92.04,78.86,11.02,189.5,59.8,89.8,15.14,33.76,15.53,78.26,70.32,82.38,119.5,18.7,19.27,161.05,66.61,184.45,17.9,89.63,22.07,116.05,24.62,130.85,12181.48
191.7,182.75,81.25,107.5,92.84,78.89,11.21,192.3,59.85,89.46,15.31,33.38,15.6,80.24,72.87,85,120.5,18.72,18.68,163.05,66.15,183.95,18.14,90.54,22.18,116.45,25.55,131.3,12251.29
193,180,80.59,107.15,92.7,77.71,11.08,190.5,59.29,88.41,15.09,32.8,15.44,79.79,71.43,83.82,119.75,18.39,18.17,161.8,65.22,181.5,17.82,89.68,22,114.75,25.08,130.1,12118.25
192.55,180.65,79.64,107.7,91.81,77.85,11.14,192.6,59.85,88.68,15.41,32.76,15.56,80.38,72.25,83.92,119.35,18.4,18.4,161.7,65.69,180.9,17.51,90.3,22.04,115.75,25.42,131.8,12162.7
177,182.05,79.74,108.45,92.89,78.5,11.14,196.6,60.29,89.25,15.52,32.78,15.65,81.04,73.26,84.54,120.25,18.67,18.53,165.25,66.28,181.6,17.8,90.8,22.22,115.8,25.9,133.35,12212.04
176.95,179.6,81.33,111.75,92.34,79.11,11.11,194.75,60.6,92.73,16.6,32.91,15.52,81.41,73.04,85.68,119.95,18.7,18.75,168,66.77,181.5,17.85,90.14,22.58,117.3,25.99,136.6,12305.11
176.6,179.1,81,111.6,91.57,79.43,10.82,191.9,61.06,92.85,16.4,32.88,15.47,81.82,73.61,85.7,118.5,18.4,18.66,168.7,65.46,180.7,17.6,89.11,22.33,117.25,25.83,134.05,12264.31
176.75,176.5,80.92,111.3,91.69,78.94,10.56,190.55,60.92,91.46,16.01,32.74,15.53,81.26,73.46,84.62,118,18.3,18.65,169.9,65.73,178.25,17.57,88.75,22.31,116.35,25.63,135.85,12208.95
177.2,176.85,80.88,111,92.15,81.19,10.33,191.6,62.58,92.34,15.63,33.07,15.57,81.08,73.46,84.62,119.05,18.53,18.56,169.35,65.83,177.65,17.35,88.88,22.5,115.95,25.66,137.75,12240.06
179.75,178.95,81.79,112.05,93.47,83.37,10.56,197.75,63.9,93.5,15.84,33.53,15.73,82.64,74.83,86.16,120.65,19.43,19.06,170.85,67.43,179.65,17.65,91.11,23.33,118.1,26,142.95,12447.25
179.1,179.7,81.72,111.15,93.53,83.28,10.53,197.55,64.14,93.96,15.94,33.71,15.65,83.57,75.23,85.46,121,19.42,20.84,170,68.3,180.7,17.75,91.33,23.44,116.6,26.27,143.5,12452.05
180.05,179.7,81.78,109.95,92.76,83.28,10.84,196.8,64.17,94.68,15.94,33.84,15.56,84.02,75.04,85.4,120.1,19.08,20.86,170,67.94,180.05,17.77,89.83,23.4,117.95,26.41,142.7,12430.39
181.9,181.95,83.61,111.85,93.25,83.65,11.05,197.65,64.68,95.43,16.35,34.2,15.73,85.66,75.86,86.48,121.85,19.15,21.11,173.65,68.78,181.4,17.9,90.99,24.08,119,26.74,144.55,12587.16
180.6,182.8,83.72,112.75,93.4,83.74,11.13,196.4,64.87,96.74,16.37,34.16,15.84,85.94,76.23,86.13,121.25,19.26,20.9,172.7,69.16,181.8,17.92,91.34,24.06,120.3,26.57,145.45,12631.72
180.4,183.85,82.7,112.85,93.3,84.36,11.27,196.7,65.15,96.66,16.52,34.18,15.94,85.32,75.99,86.79,120.95,19.19,20.97,173.9,68.8,182.3,17.99,91.36,23.83,120.5,26.83,143.35,12641.33
178.5,182.5,82.12,112.55,92.81,84.2,10.97,195.35,65.46,96.26,16.44,34,15.85,85.16,76.44,87.72,120.15,19.26,20.64,172.2,68.08,180.65,17.99,91.58,23.58,122.8,26.73,142.55,12626.58
174.9,179.9,81.82,110.05,91.44,83.01,11.15,193.55,64.15,95.7,16.59,33.1,15.65,83.28,74.9,87.33,118.2,18.72,20.5,167.8,66.55,179.7,17.55,90.33,23.63,120.55,26.47,140.15,12437.02
175.05,180,81.47,110.4,91.81,81.62,11.15,191.4,63.36,95.48,16.58,33.15,15.69,83.9,74.84,87.56,119.6,18.65,20.41,169.05,66.98,180.75,17.77,91.31,23.04,121.05,26.15,138.65,12445.92
176.2,178.75,81.12,109.95,90.54,81.38,11.11,188.7,63.48,95.4,16.68,32.83,15.57,83.43,74.72,87.7,119.15,18.67,20.5,165.7,66.17,180.1,17.63,90.36,23,120.85,25.92,138.75,12388.68
176.8,177.15,81.34,110.65,90.56,81.44,11.2,189.6,63.36,95.5,16.69,32.99,15.55,83.61,74.9,87.54,119.5,18.58,20.24,165.55,66.91,179.9,17.15,90.1,23.01,120.5,26.13,138.1,12381.25
176.6,176.7,82.13,112.4,91.6,81.53,10.84,189.5,63.74,95.34,16.36,33.22,15.56,84.77,75.97,87.47,121.3,18.66,20.17,167.1,67.38,180.25,17.34,91,23.09,122,26.29,135.65,12453.68
168.35,176.65,82.36,113,91.44,82.28,10.78,189.85,64.1,92.38,16.4,33.31,15.68,84.27,75.2,87.12,121.1,18.52,20.03,167.1,66.95,179.7,17.49,90.73,23.2,121.85,26.08,136.2,12437.13
168.9,175.9,82.57,113.4,91.79,82.98,10.88,190,64.08,92.51,16.09,33.49,15.82,84.81,75.44,86.77,120.55,18.61,20.25,168.6,67.5,179.8,17.59,91.18,23.22,123.1,26.1,135.8,12475.31
167.75,172.4,81.09,113.2,92.04,81.28,10.43,188.95,63.37,92.42,15.52,32.82,15.72,84.17,75.06,84.65,120.5,18.49,19.92,165.8,66.29,176.55,17.44,91.45,22.42,120.35,24.88,133.35,12325.12
164.35,173.1,82.26,118.1,92.02,82.72,10.4,188.45,64.31,91.9,15.82,32.97,15.9,84.11,75.2,85.1,120.95,18.35,19.8,167.4,66.73,175.75,17.39,90.89,22.47,120.55,24.91,133,12416.19
168.15,174.35,83.92,121.7,95.08,83.68,10.26,193.2,64.9,93.9,15.74,33.33,16.25,86.2,76.6,85.36,124,19.05,20.03,170,67.17,176.35,17.97,93.5,22.63,123.2,25.69,134.35,12647.27
168.8,174.35,84.39,121.75,95.79,82.86,9.94,191.35,65.08,93.4,15.52,33.26,16.24,86.38,77.2,85.27,125.5,19.18,19.34,170,66.55,176.4,18.4,94.35,22.67,124.1,25.41,134.1,12671.02
168.8,174.55,84.89,122.15,97.29,83.49,9.48,197.95,65.37,94.61,15.04,33.19,16.62,87.37,78.13,85.84,126.85,19.6,19.2,170.65,67.22,178.05,18.85,95.69,22.69,125.9,25.63,134.3,12770.83
168.5,173.9,84.98,121.9,96.01,83.6,9.28,196.8,65.34,94.67,14.9,32.49,16.66,87.64,78.24,85.82,125.55,19.66,18.63,171.15,66.5,177.3,19.07,95.93,22.87,124.75,25.33,133.65,12733.41
169.6,174.9,85.56,122.5,96.27,84.17,9.3,198.25,65.49,95.53,15.05,32.42,16.69,88.52,78.94,85.78,126.85,19.6,18.5,173.2,66.6,177.75,19.64,96.01,23.11,125.2,25.3,134.65,12794
170.85,175.05,85.89,121.8,96.42,83.6,9.36,197.7,65.45,95.91,15.19,32.51,16.78,87.29,78.33,86.83,128,19.67,18.5,176,66.81,178.15,19.69,95.2,23.3,124.45,24.19,132.25,12774.26
172,175.85,86.55,121.8,97.25,83.65,9.42,197.4,65.57,97.65,15.22,32.67,16.79,88.22,79.07,86.73,128.7,19.8,18.59,176.75,67,178.75,19.85,94.85,23.5,125.15,23.69,131.95,12814.79
174.75,176.2,87.12,123.3,97.51,84,9.59,198.35,65.71,97.3,15.38,32.85,16.81,88.59,79.65,86.9,128.9,20.02,18.67,177.15,67.98,178.75,20.16,95.46,23.95,126.5,24.15,131.2,12888.95
174.05,174.45,85.03,122.8,97.01,83.36,9.45,197.2,65.2,95.38,15,32.38,16.69,88.38,79.34,86.25,128.2,19.77,18.59,175.25,66.93,176.55,20.16,94.4,23.35,124.55,23.55,131.2,12752.73
173.65,173,84.93,121.6,95.78,83.42,9.34,196.15,65.25,94.8,15.12,32.47,16.4,88.03,78.33,85.52,125.95,19.3,18.58,176.85,67.56,176.05,19.77,93.26,23.41,125.7,23.32,131.35,12691.81
177.6,173.95,86.18,121.45,96.31,84.11,9.3,198.85,65.71,94.01,15.27,32.87,16.8,88.9,78.68,86.48,126.5,19.63,18.85,177.95,69.15,178.4,19.8,94.25,23.91,126.75,23.87,132.4,12805.95
175.7,173.25,86.34,119.9,94.78,85.06,9.44,198.7,65.9,93.65,15.56,32.06,16.88,87.88,77.79,86.5,124.65,19.63,18.88,178.1,69.65,177.4,19.56,93.59,24.08,126.75,24.14,135.25,12764.98
172.4,173.6,86.02,118.45,95.44,84.9,9.38,198.15,65.64,91.98,15.46,31.76,16.95,86.6,76.86,85.1,125.1,19.4,18.33,177.7,69.78,177.7,19.45,92.56,24.26,126.25,23.95,134.85,12690.44
170,173.85,86.59,119.05,96.29,84.43,9.48,198.7,65.46,92.77,15.81,31.91,17.13,86.83,77.76,84.44,125.7,20.39,18.6,179.3,70.47,177.3,19.73,96,23.32,129.4,24.27,132.6,12815.72
168.75,172.05,84.26,118.75,95.58,84.11,9.46,197.3,65.16,93.55,15.63,31.94,17.09,85.43,76.76,81.88,124.7,20.15,18.23,176.9,68.05,175.85,19.99,95.81,22.57,127.95,23.79,132.25,12713.58
171.3,170.55,83.9,117.75,96.36,84.6,9.4,198.4,65.17,93.31,15.48,32.08,17.31,84.86,76.07,81.59,125.75,20.31,17.97,175.85,68.25,174,19.55,95.26,22.9,126.9,22.95,133.2,12672.49
168.75,171.1,84.39,118.9,96.06,84.83,9.42,199.45,65.53,93.13,15.33,32.35,17.23,85.99,76.18,82.28,126.4,20.12,18,173.85,68.05,174.5,18.52,95.65,23.15,127.5,23.03,134.95,12690.12
171.5,173.35,85.31,121.6,96.6,85.93,9.35,202,65.84,93.61,15.59,32.63,17.38,86.54,76.81,83.74,127.25,20.09,17.78,176.5,68.17,177.4,18.16,96.1,23.07,129.5,23.51,137.55,12690.12
171.5,173.35,85.31,121.6,96.6,85.93,9.35,202,65.84,93.61,15.59,32.63,17.38,86.54,76.81,83.74,127.25,20.09,17.78,176.5,68.17,177.4,18.16,96.1,23.07,129.5,23.51,137.55,12822.94
171,171.45,83.83,119.05,95.92,84.92,9.41,200.1,65.07,91.83,15.61,32.33,17.28,85.37,76.39,83.32,125.25,19.77,17.45,173.05,66.45,176.9,18.21,95.32,22.9,126.85,23.27,135.75,12664.92
170.25,170.9,83.84,118.1,95.6,83.29,9.39,198,64.61,92.48,15.57,32.51,17.73,85.16,76.21,82.88,124.95,19.69,17.3,169.95,66.43,175.75,18.08,95.44,22.77,127.05,23.61,133.75,12615.06
173.8,170.85,84.17,116.5,94.57,84.24,9.26,200.25,65.2,92.11,16.14,31.82,17.78,82.9,75.5,83.21,124.95,19.78,17.19,168.65,67.58,173.65,17.65,95.1,23.05,126.4,23.97,136.6,12598.68
172.8,171.6,84.7,116.7,94.57,84.56,9.35,198.8,65.44,91.06,16.43,31.58,17.94,83.2,76.29,82.56,124.4,19.65,17.02,171.35,67.48,174.15,17.53,95.22,23.25,126.6,24.15,137.3,12628.95
172.15,171.05,83.86,116.7,94.44,84.31,9.38,199.2,65.38,90.49,16.49,31.58,17.91,83.58,76.34,82.65,124.55,19.67,17.09,171.5,63.26,172.6,17.54,94.82,23.17,126.05,24.03,137.95,12602.18
171.05,171.2,84.28,116.75,94.31,85.24,9.53,200.5,65.79,90.51,16.85,31.52,17.85,82.5,75.86,82.72,124,19.73,17.06,172.1,63.51,172.95,17.46,95.04,23.17,125.95,23.96,138.75,12621.72
169.85,171.35,84.6,117.65,94.02,85.77,9.61,201.15,66.1,91.08,16.95,31.64,17.84,81.58,76.13,83.26,123.8,19.56,16.65,170.7,64.04,173.05,17.5,94.93,23.25,126.95,23.42,138.5,12642.87
171.35,171.05,85.49,118.05,94.26,86.27,9.62,201.15,67.19,89.85,17.12,31.7,18,81.77,75.81,83.52,123.95,19.21,16.4,166,64.15,172.95,17.5,94.68,23.4,126.85,23.52,138.1,12659.15
171.9,171.1,85.18,116.6,94.07,85.9,9.52,201.4,67.74,89.49,16.99,31.53,18.05,82.05,75.98,83.64,123.55,19.08,16.3,165.2,64.7,172.05,17.38,94,23.41,126.55,22.93,138.45,12619.46
172.5,169.8,85.74,116.95,93.06,86.18,9.55,201.8,67.89,89.32,17.09,31.57,17.8,81.7,76.04,83.13,123.75,19.26,16.3,165.9,65.39,172.35,16.97,94.1,23.69,128.15,23.09,139.4,12638.69
174.35,170.1,85.6,116.75,92.25,85.19,9.41,202.1,67.72,89,16.81,31.51,17.39,82.25,76.28,82.1,122.85,19.09,16.25,166.7,65.24,172.85,16.1,93.75,22.86,128.35,23.02,138.5,12590.06
173.85,170.2,85.49,115.9,93.36,86.43,9.41,202.45,68.25,92.65,16.85,31.69,17.47,81.42,76.57,83.1,123.95,19.17,16.55,166.25,65.61,172.45,16.11,93.95,22.86,129.3,23.17,140.75,12631.61
177.25,173,87.33,117.6,94.28,86.69,9.69,205.5,68.78,94,17.46,32.36,17.65,83.74,78.08,85.57,124.65,19.56,16.83,166.95,66.95,175.1,16.32,94.22,23.15,131,22.49,143.35,12804.53
177.3,173.6,88.35,116.05,94.45,87.35,9.71,207.65,69.15,94.37,17.57,32.3,17.48,84.58,78.27,85.73,124.7,19.56,16.97,169.45,67.04,175,16.2,94.21,23.28,130.05,21.6,144.35,12807.04
176.2,172.8,89.56,116.75,94.7,87.24,9.46,207.8,69.07,94.1,17.18,32.09,17.53,85.41,79.49,85.7,125,19.04,16.81,167.65,65.3,175.5,15.6,94.66,22.25,130,21.36,144.65,12770.41
179,173.3,90.11,115.1,94.15,90.14,9.51,209.15,68.74,93.48,17.33,31.77,16.72,85.75,78.33,86.18,125.2,19.08,16.79,167.25,65.7,175.35,15.59,93.98,22.28,130.7,22.26,143.35,12711.06
180.6,173.45,90.08,116.3,94.26,90.52,9.49,208.55,68.85,93.39,17.49,32.9,16.85,85.42,78.52,88.6,126.6,19.06,17.17,170.85,68.87,176.55,15.6,95.04,22.75,130.5,22.44,144.4,12757.46
183.85,173.55,89.93,115.7,94.18,89.53,9.4,205.1,68.59,92.88,17.33,32.85,16.85,85.75,79.02,89.69,126.55,18.73,16.65,170.85,67.42,177.2,15.56,95.2,22.91,131.65,22.44,144.25,12749.12
182.4,172.9,89.24,115.25,93.47,89.89,9.4,206.4,68.75,92.75,17.44,33.1,16.81,84.83,78.42,88.95,125.25,18.67,16.48,170,67.29,180.05,15.35,94.22,22.55,130.45,22.18,145.3,12694.55
184.15,173.9,90.14,115.1,93.59,89.1,9.6,207.6,68.52,92.52,17.42,33.08,16.61,84.55,78.89,89.4,126.05,18.78,16.32,174,69.01,180.3,15.38,93.84,22.68,132,22.51,144.2,12716.89
183.8,173.85,90.06,113.7,92.67,87.3,9.49,205.3,68.01,93.04,17.19,32.96,16.53,84.06,78.83,88.34,126.55,18.6,16.26,169.95,67.34,180.4,15.39,93.21,21.95,131.65,22.07,143.85,12647.78
182.15,176.35,89.53,112.65,91.65,86.9,9.2,201,67.81,91.51,16.8,32.29,16.41,83.29,77.49,86.94,124.55,19.03,16.05,166.65,66.01,178.2,15.19,92.48,21.39,132.45,21.98,143.25,12527.84
183.1,176.1,89.54,110.95,91.92,87.71,9.07,201.3,67.96,91.5,16.67,32.17,16.3,83.59,75.53,86.97,124.55,18.99,16.23,165.55,66.17,177.65,15.28,92.8,21.49,132.7,22.15,144.4,12507.9
183.9,174.8,89.46,113.6,91.34,87.65,8.99,205.5,68.4,89.85,16.53,33,16.1,81.45,74.41,85,125,19,15.84,164.95,66.3,175.95,15.2,92.07,21.91,131.6,21.85,145.55,12438.01
184.35,174.5,89.98,112.65,91.19,87.7,8.84,204.65,68.29,90.69,16.7,32.41,16.18,82.39,75.27,86.93,124.85,18.99,15.81,161.25,64.9,177.85,15.41,92.35,21.9,132.05,21.67,144.4,12443.79
185.35,175.5,91.19,108.05,91.07,88.66,9.07,202.25,68.84,87.28,17.33,32.24,16.4,82.19,74.33,87.72,123.7,19.08,16.81,163.4,64.95,189.4,15.39,92.45,21.27,133.2,22.6,145.55,12472.8
185.7,175.5,92.16,108.45,90.41,87.77,9.05,201.15,68.7,87.83,16.94,32.13,16.46,81.54,74.39,87.4,123.6,18.89,16.64,161.15,65.86,188,15.31,93.13,21.5,132.7,22.76,145.65,12467.04
184.35,175.15,92.53,108.7,91.28,87.43,9.1,206.65,67.78,86.37,16.99,32.26,16.35,81.31,75.55,88.03,123.3,18.93,16.69,160.95,65.59,188.4,15.67,92.99,21.5,132.75,22.17,143.5,12454.98
180.4,170.25,88.77,105.2,89.47,84.93,8.32,201.2,66.17,85.6,15.56,30.72,15.93,79.81,73.55,84.44,121.3,18.25,16.1,155.85,62.5,182.4,15.15,90.92,21.08,125.35,21.47,140,12048.57
178.2,168.9,88.5,104.4,90.77,84.08,8.26,200.05,66.29,85.61,15.34,30.6,15.91,79.84,73.98,84.68,121.8,18.52,15.9,157.45,62.61,182.65,15.3,90.4,21.18,126,21.47,139.7,12027.32
177.3,168.95,88.76,104.5,90.47,83.98,8.22,199.3,65.88,85.65,15.2,30.82,15.96,80.18,74.31,84.97,122.3,18.31,15.79,157.3,63.07,181.55,15.35,90.66,21.15,124.5,21.84,139.65,12016.45
177.95,169.2,89.54,104.2,90.69,82.44,7.87,197.9,65.55,85.29,14.9,30.84,15.98,80.02,74.73,84.74,121.6,18.33,15.15,157.4,61.96,182.25,15.45,90.36,21.3,124.95,21.27,136.95,12000.44
178.05,170.75,90.77,106.55,91.71,82.83,8.03,197.85,66.42,84.82,15.13,31.09,16.06,79.99,74.92,86.63,122.85,18.54,15.2,159.05,63.5,183,15.8,91.1,21.89,126.55,21.88,131.15,12109
177.45,171.4,91.45,106.25,91.17,83.39,8.13,200.2,66.82,86.15,15.28,31.08,16.14,78.98,75.16,86.59,123.2,18.48,15.68,159.45,63.6,182.85,15.83,91.49,22.11,127.3,22.03,131.9,12154.7
175.8,170.65,91.81,105.9,90.55,82.63,8.16,199.4,66.64,87.09,15.31,31.17,16.15,78.37,74.98,87.49,121.6,18.52,15.83,158.35,64.11,182.3,15.76,91.02,22.17,128.1,22.46,131.75,12139.35
177.4,171.95,92.79,106.65,90.88,82.71,8.33,200.25,66.93,87.8,15.55,31.29,16.2,78.75,75.3,87.75,121.55,18.81,15.27,159.2,64.3,182.6,15.65,91.76,21.97,127.65,22.65,132.9,12200.52
178.3,172.55,93.27,107.5,90.25,82.79,8.29,201.15,67,87.5,15.53,31.56,16.18,78.53,74.68,88.04,122.05,18.81,14.9,158.7,64.3,182.75,15.75,91.79,21.83,128.4,22.55,132.9,12225.06
176.6,173.15,93.51,107.5,89.83,82.95,8.37,200.2,67.12,87.18,15.68,31.75,16.23,78.25,74.49,87.06,122.85,18.91,15.23,158.25,63.31,183.2,15.72,91.43,21.65,128.55,22.73,133,12230.89
175.6,172.1,93.13,107.85,89.51,83.24,8.44,200.2,67.06,87.25,15.65,31.67,16.25,77.97,74.43,87.48,122.6,18.91,15.29,157.5,63,183,15.56,91.71,21.73,128.1,22.83,133.15,12217.54
177.6,173.25,93.82,107.5,89.49,83.95,8.27,203.3,67.74,87.95,15.6,31.8,16.37,79.08,75.07,87.59,122.5,19.08,15.36,159.35,63.18,183.9,15.41,92.27,21.65,128.75,22.94,134.2,12282.34
175.85,172,93.05,107.8,89.19,84.87,8.37,204.15,68.45,87.7,15.7,31.76,16.4,79.47,74.84,87.58,120.85,18.97,15.2,157.3,62.75,182.75,15.45,91.91,21.92,127.6,23.2,135.7,12257.2
178.3,173.65,92.92,108.05,88.73,85.51,8.48,205.5,69.2,86.18,16.15,32.1,16.42,79.05,75.33,87.76,120.1,19.15,15.2,156.1,62.89,183.4,15.53,91.98,21.79,128.4,22.96,136.6,12312.87
177.8,172.75,93,106.8,88.5,85.58,8.54,206.3,69.33,85.22,16.03,31.86,16.27,78.8,74.6,87.98,119.75,19.13,15.06,156.4,63.72,183.55,15.09,91.39,21.28,127.75,22.94,136.2,12256.43
177.95,172.25,92.1,106.9,88.38,84.81,8.65,203.05,72.36,83.79,16.17,31.51,16.36,78.64,74.59,87.7,119.7,19.03,14.94,156.25,62.81,182.5,14.93,91.09,21.34,125.8,22.75,137.05,12203
177.95,171.55,91.54,106.9,88.54,84.48,8.8,201.7,71.63,81.87,15.95,31.28,16.32,78.06,73.9,86.65,119.2,19.15,14.96,156.8,62.04,181.75,14.7,90.61,21.13,125.15,22.68,137.25,12149.42
176.05,169.6,90.03,106.6,88.09,83.48,8.52,197.5,70.48,81.97,15.51,31.09,16.18,77.32,73.19,86.12,119,18.69,14.87,153.8,60.44,179.15,14.79,89.4,20.92,122.7,22.35,134.95,11996.07
178.55,169.55,90.26,107,87.73,83.68,8.53,199.65,70.56,81.26,15.53,31.44,16.15,77.61,73.81,87.39,118.95,18.7,15.06,154.05,61.51,178.7,15.17,90.8,21.18,124.35,22.68,135.8,12064.27
179.45,171.3,89.65,106.95,88.15,83.08,8.48,197.15,70.58,81.16,15.76,31.57,16.13,77.49,73.77,88.13,119.35,17.1,15.1,153,61.55,180.15,14.91,90.95,21.48,124.1,22.76,136.25,12039.68
179,168.9,88.7,105.05,87.66,82.74,8.35,193.2,69.9,79.57,15.73,31.23,15.95,76.73,72.93,86.72,119.3,17.09,14.58,150.3,60.96,177,14.51,90.5,21.21,122,22.58,136.35,11904.12
180.7,170.25,88.58,105.4,87.88,82.93,8.42,194.65,70.55,81.01,16,31.52,15.95,76.72,72.95,87.74,120,17.19,14.6,153.15,61.49,177.3,14.55,90.26,21.66,123.2,22.82,134.4,11962.13
181.45,170.1,89,106.25,88.12,82.5,8.36,197.2,70.97,81.33,15.35,31.86,16,79.49,75.52,89.39,120.8,17.6,15.05,153.6,63.17,179,14.66,91.07,22.13,124.75,23.4,137.15,12052.9
183.2,170.4,89.31,106.85,88.24,82.89,8.55,197.3,71.16,81.29,15.94,32.01,16.1,78.89,75.4,89.29,121.25,17.72,15.29,154.45,64.77,180,14.68,90.95,22.81,124.35,23.68,138.6,12095.24
183.05,170.75,89.73,107,87.85,83.68,8.41,197.55,71.29,80.09,16.18,31.83,16.07,79,74.56,88.85,120.55,17.66,15.17,151.75,65.73,178.45,14.77,90.65,22.93,124.85,23.42,140.25,12083.18
179.6,169.5,89.28,106.3,87.33,83.19,8.32,195.65,70.98,79.94,16.34,31.19,15.99,79.57,74.72,90.43,119.65,17.5,14.41,153,65.94,178.15,14.53,89.73,23.11,123.55,23.32,140.25,12009.87
175.6,169.15,88.95,107.25,87.48,83.4,8.15,192.85,70.76,79.75,16.19,31.07,16.02,79.5,74.45,89.55,120.05,17.44,14.15,153.15,63.29,179.35,14.61,89.36,22.89,123.1,22.93,141.4,11988.79
179.9,169.85,89.04,107.25,86.55,83.89,8.27,190.95,70.82,79.48,16.39,31.01,15.98,79.01,74.7,89.12,118.95,17.18,14.31,151.25,63.16,180.85,13.73,89.16,22.95,122.9,23.08,144.15,11990.03
179.45,169.15,89.3,106.75,86.64,83.54,8.29,191.05,70,79.71,16.3,31.13,16.08,79,74.13,88.69,119.4,17,14.34,152,63.15,179.5,13.81,89.03,22.58,123.05,22.56,141.45,11963.18
178.05,170,90.23,105.85,86.58,84.43,7.84,190.4,69.97,78.85,15.96,31.14,16.07,79.11,74.5,89.37,119.3,16.97,14.49,153.05,63.4,180.25,13.94,89.5,22.51,124.05,22.58,141.2,11978.39
174.85,168.35,90.2,106.05,85.59,86.65,7.72,192.65,70,78.15,15.74,31.31,15.96,77.92,74.53,89.23,118.35,17.06,14.12,152.3,63.83,179.4,13.92,89.53,22,124.25,22.72,143.05,11967.31
159.8,168.35,90.48,107.15,86.1,86.32,7.68,193.55,70.1,78.21,15.45,32.19,16.05,78.63,74.61,89.86,119.4,16.92,13.73,151.3,64.3,180.85,13.9,89.16,22.09,124.3,22.95,144.8,11966.14
160,167.3,90.08,106.75,86.65,86.35,7.76,191.9,69.54,78.88,15.73,32.28,16.04,78.2,75.38,89.99,119.6,16.95,13.89,150.55,63.61,180.95,14.02,88.94,22.4,124.15,23.17,143.85,11958.4
161,167.45,90.27,106.65,86.31,87,7.81,191.9,69.97,79.62,17.08,32.28,16.17,79.07,75.96,90.49,119.65,17.22,13.9,151.85,64.57,180.25,14.01,89.28,22.45,124.75,23.61,144.95,12027.36
162.75,167.35,90.36,106.2,86.64,87.18,7.47,193.75,69.88,81.14,17.31,32.6,16.27,79.3,76.01,90.67,119.3,17.35,13.93,154.35,65.22,181.4,13.93,89.44,22.53,125.1,23.51,144.9,12059.57
160.7,167.65,89.81,105.6,86.76,86.67,7.49,193,69.83,81.13,17.45,32.89,16.47,79.46,76.16,91.12,119.4,17.36,14.06,156.15,65.73,180.55,13.82,89.37,22.65,126,23.92,144.4,12067.19
158.4,164.2,87.9,103.8,86.12,84.37,7.2,191.5,68.64,80.19,16.6,32.38,16.31,78.55,75.02,88.21,117.9,16.8,13.83,153.35,64.1,178.4,13.45,87.95,22.07,122.8,23.59,139.7,11834.41
157.8,163.45,87.7,104.3,86.58,84.52,7.11,191.45,68.74,79.71,16.43,32.15,16.33,78.04,75.43,87.49,118.4,17.01,13.8,153.35,64.06,178.05,13.36,87.76,21.77,122.2,23.75,140,11822.67
151.9,163.75,87.36,104.25,86.52,84.25,7.1,192.05,68.76,81.63,16.19,32.19,16.43,77.66,75.67,85.79,119,16.91,13.71,152.45,63.93,178.15,13.22,87.97,21.73,121.75,23.9,141.25,11804.03
152.95,165.65,89.95,105.1,86.82,85.76,7.3,195,69.28,82.09,16.55,32.47,16.49,78.67,76.62,86.17,120.25,17.42,13.7,152.8,65.44,180.55,13.39,89,22.35,123.4,24.25,141.65,11947.83
153.15,166.45,90.03,107.9,86.89,86.81,7.35,193.65,69.39,81.99,16.62,32.34,16.49,79.2,76.98,88.57,121.2,17.3,13.79,153.9,67.4,180.15,13.4,88.97,22.71,123.75,24.24,141.35,11998.59
152.05,165.45,90.26,108.9,85.04,86.53,7.4,193.45,68.72,82.35,16.59,32.24,16.3,77.62,75.79,87.65,120.15,17.25,13.66,154.5,67.98,178.7,13.5,88.17,22.88,125,23.17,144.15,11967.49
148.4,164.05,89.64,107.2,84.32,85.07,7.43,191.1,67.79,81.95,16.51,31.99,16.25,76.77,75.64,85.6,119.15,16.95,13.46,153.85,67.41,177.95,13.45,87.1,22.66,121.5,22.92,142.15,11827.62
148.45,162.8,89.1,106.5,85.74,85.03,7.41,190.85,67.61,81.22,16.24,31.9,15.86,75.9,75.24,85.44,120.1,17,13.5,152.2,67.72,177.45,13.22,86.89,22.75,120.6,22.9,140.25,11757.02
147.6,158.35,89.39,105.95,83.69,85.45,7.49,190.5,67.79,81.44,16.52,31.99,15.94,76.64,75.27,85.66,117.5,17.25,13.35,151.55,67.55,177.7,13.26,86.93,23.15,121.65,23.15,143.6,11757.24
149.55,158.75,90.04,106,83.98,86.18,7.68,190.9,68.06,81.6,16.85,31.94,15.89,76.8,74.98,86.67,116.7,17.2,13.06,153,67.44,177.05,13.18,87.17,23.26,122.1,23.46,145.85,11793.93
150.8,159.15,89.8,105.8,83.62,86.3,7.53,192.55,68.11,81.12,16.44,31.89,15.8,76.54,74.88,86.74,116.15,16.98,12.85,151.85,67.12,178.55,13.06,87.3,23.14,121.35,23.35,146.85,11771.81
151.25,158.5,89.79,106.45,84.03,86.69,7.38,191.15,67.89,81.57,16.18,31.74,15.86,76.81,74.99,90.25,115.8,17,12.81,152.25,67.55,178.9,12.95,87.38,23.4,121.25,23.58,145.25,11774.43
149.4,156.85,88.55,106,83.49,85.07,7.42,188.7,67.12,81,15.89,31.42,15.95,77.14,74.64,89.27,115.3,17.05,12.6,150.3,67.03,178.5,12.9,86.28,23.08,119.65,23.61,142.15,11666.97
148,156.6,88.23,105.55,84.8,84.79,7.6,186.85,67.29,80.82,16.07,31.14,15.93,76.56,74.55,87.81,116.05,16.99,12.72,148.2,66.32,177.3,12.81,86.28,22.75,120.15,23.05,140,11642.86
144,155.25,87.55,103,84.42,83.49,7.74,187.65,66.66,80.44,16.01,30.8,15.77,76.47,73.46,87.15,115.2,17.4,12.45,147.1,65.26,176.65,12.55,85.97,22.52,119.45,23.25,139.9,11543.38
144.3,156.25,89,103.1,83.24,82.78,7.87,188.95,66.76,80.8,16.34,31.12,15.7,75.94,73.11,87.96,112.65,17.5,12.06,146.6,65.75,175,12.19,85.4,22.94,118.65,23.46,141.85,11549.44
143.8,156.35,87.61,102,82.27,82.94,7.93,189.15,67.21,82.15,16.49,31.16,15.82,75.63,72.83,88.89,111.65,17.6,12.11,147,65.5,175.8,11.98,84.77,22.67,117.2,23.08,141.9,11509.84
147,158.3,89.07,103.2,82.76,84.03,8.17,194.1,67.65,82.47,16.81,31.34,15.99,76.55,73.81,90.01,113.05,17.75,12.24,149.8,67.24,177.9,12.17,85.48,23.27,118.25,23.24,144.9,11651.49
146.95,157.15,89.54,103,82.55,84.2,8.12,186.45,68.1,82.26,16.23,31.24,15.93,76.5,74.08,90.73,113,17.55,12.34,149,67.94,175.15,12.13,85.4,23.36,118.9,23.33,144.3,11627.95
147.3,157.9,89.77,102.65,81.58,84.62,8.19,184.3,70.02,83.2,17.12,31.29,16.02,76.35,73.59,90.25,111.5,17.15,12.54,150,67.17,174.65,12.09,84.1,23.58,122.8,23.63,145.7,11659.5
145.65,156.8,89.12,102.3,81.94,84.17,8.01,180.7,69.35,82.31,16.41,30.95,16.16,75.29,72.93,89.14,112.7,16.99,12.34,150.45,67.15,173.8,12.26,84.63,23.44,116.25,23.35,143.9,11535.31
150.5,159.25,90.37,104.5,82.31,86.29,8.1,182.3,70.45,81.13,16.61,31.43,16.26,75.5,73.96,90.01,114,17.05,12.63,152.1,67.45,175.55,12.15,85.14,23.78,118.1,23.47,145.5,11681.89
153.85,162,91.18,105.95,83,87.41,8.26,184.75,70.72,80.85,17.12,31.88,16.35,76.39,74.7,91.18,115.5,17.14,12.76,154.35,68.25,177,12.56,85.23,23.97,119.2,24.35,149.9,11814.27
155.4,163,90.8,106.45,82.23,88.13,8.33,186.75,71.56,81.57,17.35,31.92,16.46,76.32,74.68,90.78,114.55,17,12.55,153.95,68.09,177.2,12.56,85.02,23.99,119.7,23.95,152.5,11848.63
153.85,162.5,90.3,104.25,82.07,88.8,8.23,187.85,72.35,80.65,17.31,31.95,16.33,74.88,73.72,91.5,114.95,16.86,12.59,152.85,67.8,177.05,12.65,84.66,24.83,119.7,24.26,153.9,11806.05
152.8,157.3,89.29,101.4,81.68,87.33,7.95,185.8,71.18,79.12,16.37,31.34,16.19,74.69,73.19,87.86,112.9,16.41,12.23,150.5,67.53,174.35,12.78,83.46,24.02,117,23.95,153.6,11594.94
152.5,157.45,89.01,101.05,81.66,86.26,7.9,185.05,70.17,77.99,15.94,31.27,16.32,75.02,73.75,86.8,112.9,16.3,12.23,149.75,66.48,174.15,12.72,82.87,23.4,115.95,23.72,152.8,11545.75
152.2,159.25,89.92,102.5,81.9,87.15,8.06,186.2,70.64,76.01,16.12,31.51,16.42,75.72,74.24,86.86,113,16.46,12.11,151.6,66.5,176,12.75,83.8,23.67,117,24,148.2,11630.13
152.3,159.55,89.5,101.9,81.71,86.59,7.84,188.85,70.68,76.16,15.8,31.48,16.22,75.82,73.87,85.7,113.45,16.42,11.79,152.25,65.66,177.7,12.72,83.99,23.43,116.3,23.61,147.8,11596.89
151.7,159.75,89.05,102,81.4,87,7.52,188.3,70.67,76.37,15.67,31.37,16.28,76.23,74.42,85.14,114.5,16.52,11.7,153.2,66.6,176.9,12.8,83.6,23.84,116.95,24,146.4,11599.39
147.35,159.4,88.63,100.45,81.29,86.47,7.45,188.8,70.35,75.71,15.6,31.3,16.25,76.04,73.82,84.88,114.55,16.37,11.81,153.7,65.6,177.6,12.7,83.47,23.62,116.35,23.9,146.35,11540
148.3,159.75,88.29,101.1,81.12,86.53,7.45,188.85,70.25,75.97,15.7,31.4,16.25,76.47,74.05,85.96,114.6,16.39,11.32,153.1,65.9,178.85,12.67,83.73,23.24,116.2,23.95,146.3,11554.71
147.95,160.8,89.06,101.65,80.44,87.81,7.62,189,71.33,76.52,16.19,31.69,16.35,76.32,73.33,86.83,114,16.53,11.48,155.1,66.35,179.65,12.44,84.18,23.57,116.4,23.83,149.55,11629.18
146,159.2,88.18,100,80.35,87.46,7.41,189.35,70.79,75.96,15.57,31.42,16.24,75.41,72.63,86.01,114.05,16.35,11.48,154.6,65.2,176.55,12.44,83.58,22.99,116.05,23.49,147.3,11521.04
145.55,160.2,89.05,101.05,80.28,90.13,7.61,194.4,72.83,76.46,16.13,31.69,16.36,76.1,73.14,86,113.9,16.47,11.6,155.25,65.56,178.15,12.23,83.95,23.41,117.25,23.68,151,11646.17
144.8,160.05,88.1,100.85,80.99,89.91,7.61,191.9,72.23,76.23,15.76,31.43,16.25,76.95,73.12,85.9,114.2,16.45,11.66,155.3,63.6,177.65,11.81,84,22.76,117.75,22.92,146.05,11583.3
144.5,160.3,87.66,101.7,80.77,89.83,7.66,186.9,71.98,76.64,16.15,31.61,16.39,75.11,72.43,85.91,114.2,16.3,11.68,155.2,64.99,177.4,11.8,84.34,22.48,116.05,22.49,145.85,11563.99
144.8,161.1,87.52,102.4,80.54,90.51,7.85,188.3,72.04,75.44,16.35,31.87,16.55,80.6,74.88,86.93,113.1,16.22,12.4,153.85,63.85,178.35,11.8,83.66,22.56,115.95,22.63,139,11599.01
144.3,160.7,87.79,102.65,80.8,90.34,7.84,186.25,72.05,76.39,16.17,31.85,16.61,80.54,74.56,86.86,113.55,16.27,12.8,154.7,64.22,178.4,11.98,82.69,22.84,114.95,22.75,139.1,11584.94
146.4,160.4,88.15,102.05,80.48,90.18,7.82,187.15,72.07,77.1,16.3,31.33,16.56,80.87,74.57,86.72,113.25,16.37,12.76,155.85,64.3,180.75,11.85,82.43,22.94,115.7,22.67,138.75,11584.31
149.25,159.55,87.7,100.75,81.11,90.83,7.82,189,72.1,77.61,15.81,31.5,16.36,81.26,73.88,88.5,113.15,16.6,12.48,157.7,65.95,180,11.98,82.89,22.71,116.2,23.02,140.45,11584.24
151.3,157.3,88.7,100.2,81.87,89.98,7.5,187,71.18,76.98,15.66,31.4,16.42,82.2,74.77,89.51,114.9,16.53,12.57,158.5,63.92,180.3,12.09,83.54,22.75,117.95,22.95,137.75,11598.33
150.15,157,88.31,99.13,80.6,88.75,7.25,183.7,70.72,76.42,15.4,31.24,16.35,80.45,74.26,88.63,113.25,16.51,12.27,156.1,62.35,179.65,11.81,82.81,22.69,116.8,22.64,133.35,11481.06
147.95,155.9,87.96,98.73,81.11,88.52,7.19,184.45,70.4,76.04,15.27,31.16,16.3,81.58,73.88,88.31,113.65,16.59,12.43,157.85,62.82,178.75,11.69,82.7,22.6,116.15,22.74,133.5,11451.05
147.25,156.4,88,98.69,81.02,89.85,7.32,185.1,70.87,76.33,15.64,31.26,16.17,81.48,73.9,87.79,113.7,16.72,12.56,158.7,63.41,178.75,11.68,82.72,22.55,116.05,22.85,136.6,11474.99
145.55,156.85,87.74,98.72,81.15,89.7,7.45,185.2,70.96,76.73,15.65,31.31,16.19,81.75,73.7,87.68,113.9,16.63,12.88,157.8,62.29,179.45,11.68,82.35,22.41,115.8,22.61,137.25,11472.24
144.5,156.95,87.45,98.5,80.82,89.96,7.5,185.1,71.03,76.75,15.9,31.22,16.12,81.39,73.54,87.4,113.05,16.54,12.88,158.1,62.19,178.5,11.58,82.01,22.35,115.25,22.73,137.5,11449.93
144.9,157.3,87.81,98.8,80.67,89.67,7.59,185.15,70.91,76.6,15.84,31.35,16.07,81.41,73.52,86.73,113.6,16.51,12.69,157.25,62.2,178.15,11.6,82.3,21.95,115,22.86,138.8,11456.1
144.75,157.7,87.61,98.7,80.58,90.07,7.64,185.45,71.25,76.52,16.06,31.19,16.07,81.08,73,87,113.2,16.64,12.68,158.9,62.35,178.55,11.59,82.51,21.63,114.55,23.07,138.8,11468.64
146.15,157.75,87.56,98.7,80.84,90.25,7.64,185.45,71.11,77.12,16.13,31.18,16.16,80.57,72.82,86.68,113.1,16.63,12.77,157,62.35,178.3,11.52,82.69,21.43,114.4,23.17,136.25,11464.74
145,156.3,87.68,98.35,80.62,90.11,7.46,185,70.98,77.19,15.62,31.15,16.08,79.46,72.39,87.37,112.6,16.61,12.83,163.55,62.14,176.65,11.4,82.19,21.56,115.1,23.02,133.65,11426.7
144.75,156.65,87.72,97.57,79.27,90,7.73,183.7,70.62,77.22,16.36,31.12,16,78.92,72.07,87.29,111.7,16.38,12.93,162.75,62.32,176.8,11.31,81.43,21.78,115.5,23.26,131.2,11404.01
143.7,156.75,86.36,97.7,79.15,89.75,7.81,183.8,70.11,77.51,16.22,30.95,15.95,78.47,71.29,87.36,111.7,16.39,12.69,161.3,61.81,176.15,11.18,81.44,21.94,116.05,23.54,129.95,11366.4
142.85,155.05,85.82,95.92,79.54,89.05,7.63,181.95,69.05,74.7,15.39,30.67,15.86,77.05,70.17,87.78,112.1,15.76,12.62,157.4,61.01,176.1,11.39,80.4,21.72,116.1,23.4,128.95,11244.84
145.8,156.45,86.04,96.21,79.35,88.9,7.66,182.85,68.96,75.27,15.59,30.8,15.88,78.33,71.44,87.6,111.4,15.98,12.59,158.55,61.18,175.5,11.38,80.61,21.96,115.95,23.44,129.15,11284.65
144.3,155.05,85.88,95,78.36,88.09,7.74,181.9,68.18,75.12,15.4,30.34,15.65,77.63,70.4,87.82,109.9,15.99,12.49,159.2,61.58,173.95,11.57,79.56,21.85,115.7,23.5,127.05,11190.21
144.4,157.25,85.38,94.54,78.5,88.77,7.68,182.8,68.3,74.24,15.48,30.17,15.73,77.54,70.38,88.01,109.75,16.19,12.73,161,62,175.1,11.19,79.87,22.19,114.7,23.51,128.1,11203.63
144.7,158.45,85.72,93.17,77.13,88.99,7.67,183,68.24,73.52,15.95,30.24,15.64,74.87,68.56,88.36,107.45,16.41,12.89,161.9,61.89,175.85,11.15,79.41,22.21,114.35,24.2,128.9,11201.42
142.45,156.05,84.82,90.1,76.73,86.32,7.29,178.85,66.6,72.19,15.51,29.85,15.26,73.99,67.9,86.77,106.4,16.16,12.53,160.05,61.55,177.05,11.6,78.14,21.33,112.15,23.5,127,11204.42
141.15,153.8,83.14,88.16,76.21,83.37,7.02,171.8,64.49,71,14.72,29.44,15.06,74.91,68.37,84.03,106.55,16.01,12.32,156.3,60.65,175.05,11.92,77.13,20.83,109.3,22.03,121.4,11203.42
141,151.2,82.98,88.15,75.92,82.4,6.59,169.8,64.07,71.29,13.64,29.27,14.9,73.02,67.91,84.25,106.85,15.78,12.23,155.95,59.14,172.05,11.74,77.31,20.17,109,21.93,121.6,11202.42
138.5,148.3,81.01,87.15,75.55,79.82,6.59,165.7,62.47,72.28,13.24,28.9,14.73,72.63,66.98,83.65,106.55,15.32,12.14,156.65,57.8,169.8,11.6,76.94,19.85,105.8,21.28,118.75,11201.42
137.65,148.8,81.06,86.78,75.67,80.07,6.72,167.05,62.39,71.58,13.5,29.03,14.65,72.31,66.88,83.32,106.9,15.44,12.3,157,58.58,169.8,11.61,77.53,20.09,106.4,21.33,119.75,11200.42
139,149.8,80.99,88.59,77.08,80.41,6.57,167.4,62.76,73.11,13.26,29.49,14.86,73.6,67.75,84.61,109.3,15.78,12.23,157.2,58.19,171.85,11.86,78.88,19.15,106.6,21.42,121.8,11199.42
139.4,150.4,78.68,88.77,77.21,81.2,6.41,167.95,63.54,73.43,13.08,29.28,14.78,74,68.32,84.07,108.25,16.01,12.43,150.1,57.75,172.9,12.02,79.69,18.92,106.1,21.05,122.6,11198.42
137.6,148.55,78.81,88.1,77.27,82.06,6.39,164,63.99,73,12.92,29.15,14.66,73.61,67.06,83.23,107.9,16,12.35,149.75,57.37,172.4,11.65,80.17,18.92,105.9,20.99,122.7,11197.42
139.2,150.7,80.5,88.8,77.59,82.79,6.6,164.6,64.72,73.09,13.25,29.32,14.77,74.26,67.12,84.13,108.35,16.02,12.62,152.3,58,173.85,11.77,80.87,19.15,107.35,21.3,125.1,11196.42
138.65,150.8,80.61,88.75,76.97,82.51,6.72,163.35,64.59,72.98,13.25,29.24,14.71,73.43,66.8,84,107.65,16.37,12.65,153.5,58.47,174.25,11.72,80.78,18.95,107.25,21.93,124.7,11195.42
138.85,150.85,80.15,88.34,76.56,82.24,6.82,163.4,64.5,73.06,13.3,29.27,14.66,72.3,65.6,84.15,107.35,16.8,12.79,153.3,58.28,173.85,11.87,79.7,18.7,107.45,21.95,123,11194.42
139.05,152.4,80.63,89.61,76.98,83.3,6.94,167.15,65.52,73.38,13.31,29.38,14.65,72.19,66.05,84.82,108.2,16.41,12.73,151.55,58,175.4,11.95,79.86,18.75,107.65,21.77,120.6,11193.42
139.5,150.25,80.19,91,77.43,82.37,6.98,169.05,65.54,72.95,13.4,29.15,14.41,73,67.09,84.32,108.65,16.18,12.88,151.9,57.36,173.15,11.86,79.06,18.64,107.4,21.17,120.1,11192.42
139,150.75,80.4,91.46,77.66,81,7.06,169.85,65.26,74.1,13.35,29.12,14.41,72.95,66.92,84,109.2,16,12.88,152.45,57.73,173.4,11.74,78.29,18.83,106.65,21.17,117.15,11191.42
139.5,152.1,81.2,91.85,77.26,80.42,7.11,169.2,65.38,73.67,13.41,29.26,14.52,73.34,67.13,84.08,107.95,15.75,12.74,152.6,57.15,174.85,12.01,77.15,18.97,107.3,21.2,117.55,11190.42
137.45,152.05,81.06,90.81,77.04,80.74,7.17,168.95,64.8,73.34,13.45,29.02,14.4,72.52,67.15,84.58,109.25,15.94,12.65,150.4,57,173.65,12.23,76.76,18.98,107.95,21.55,118.05,11189.42
138.75,152.8,81.57,94.78,77.75,81.53,7.28,167.9,65.15,73.84,13.66,28.92,14.39,71.62,67.3,88.06,108.6,15.81,13.19,151.2,58.3,175.15,12.22,75.97,19.07,108.55,21.68,118.5,11188.42
134.2,152.3,81.57,94.01,76.86,80.88,7.2,166.05,64.88,73.43,13.66,28.7,14.31,72.26,67.17,86.95,108.45,15.47,12.79,153,58.37,177.25,11.9,75.84,19.22,109.05,21.74,117,11187.42
133.45,150.8,80.88,93.9,77.4,80.11,6.75,164.4,64.77,72.64,13.16,28.67,14.37,73.34,68.02,87.12,110,15.35,12.76,152.55,57.94,178.35,12.33,76.45,19.58,108.15,21.12,117.5,11186.42
131.7,148.75,81.35,93.56,77.27,76.78,6.64,160.1,63.69,73.19,12.59,28.61,14.28,73.66,68.3,91.09,109.85,15.41,12.46,152.5,58.81,177.9,12.68,77.38,19.81,109.3,21.34,114.75,11185.42
139.7,145.5,80.13,93.48,79.92,76.84,6.4,168.9,63.89,69.95,11.92,28.74,14.55,77.37,70.74,92.13,113.55,15.89,12.31,151.5,57,175.05,13.48,78.53,19.08,104.5,21.25,116.4,11184.42
136.6,141.2,79.25,88.89,81.03,77.31,6.28,169.1,63.74,68.01,11.51,28.71,14.56,75,66.05,88.23,113.5,15.81,12.23,150.05,56.5,174.8,13.58,78.51,18.67,102.75,20.41,118.85,11183.42
136.45,140.5,78.38,89.01,81.15,77.2,6.3,169.55,63.32,68.47,11.48,28.29,14.5,74.87,66.09,86.41,113.85,15.78,12.18,148.75,56.4,174.9,14.08,78.3,18.7,102.95,20.28,119.35,11182.42
133.05,136.45,77.05,87.92,81.49,75.46,5.99,167.3,61.85,66.22,10.92,27.87,14.35,73.5,64.9,84,112.8,15.48,11.69,145.85,55.35,171.55,13.94,77.1,18.46,101.05,19.77,118.7,11181.42
137.35,138.15,77.21,88.75,81.91,75.23,6.07,168.1,62.19,67,10.96,27.92,14.47,74.11,66.12,84.07,113.95,15.51,11.87,145.55,55.71,172.7,14.11,76.69,18.26,101.1,20.05,119.2,11180.42
146.55,137.5,78.1,89.12,78.29,75.4,5.9,169.95,62.44,67.64,10.97,27.96,14.49,73.71,66.1,84.58,114.3,15.58,11.19,147.35,56.79,171.95,13.75,77.5,18.3,101.25,20.34,120.25,11169.42
147.1,141.05,78.95,90.79,79.4,78.32,6.09,172.55,64.12,67.92,11.29,28.02,14.65,73.57,65.59,85.1,116.15,15.96,11.47,148.05,57.33,175.3,14.24,78.52,18.24,102,20.5,123.65,11168.42
149.4,142,80.3,90.29,80.2,79.37,6.19,174.55,64.91,68.07,11.74,28.23,14.85,74.21,67.24,86.16,116.9,16.35,11.65,150.3,58.33,176.6,14.46,80.24,18.43,103.45,21.09,125.2,11167.42
149.7,141.9,80.52,90.72,80.14,80.17,6.3,175.4,65.34,68.01,11.89,28.3,14.91,74.73,67.48,86.22,117.15,16.24,11.7,151.2,57.47,176.45,14.13,80.66,18.64,103.55,21,125.95,11166.42
149.65,142.95,80.16,90.73,80.17,79.92,6.3,174.8,65.45,67.67,11.94,28.24,15.02,74.43,69.81,84.9,117.55,16.28,11.5,146.5,57.82,179.15,14.2,80.7,18.62,104.25,21.46,125.65,11165.42
149.4,142.6,79.58,90.17,80.5,80.07,6.26,173.9,65.22,67.48,11.87,28.29,15.07,74.45,68.37,85.37,116.65,15.95,11.68,146.15,57.5,177.95,14.31,80.82,18.6,106.5,21.35,126,11164.42
