交易日期↓,开盘点位,最高点位,最低点位,收盘点位,涨跌,涨跌幅(%),开始日累计涨跌,开始日累计涨跌幅（%）,成交量(万股),成交额(万元)
2019-11-04,"2,964.58","2,983.06","2,964.58","2,975.49",46.44,1.59,"1,608.91",117.73,"1,672,483.64","18,871,009.47"
2019-10-31,"2,944.84","2,946.75","2,923.52","2,929.06",23.87,0.82,"1,562.48",114.33,"1,615,714.83","18,180,193.74"
2019-09-30,"2,927.92","2,936.48","2,905.19","2,905.19",18.95,0.66,"1,538.61",112.59,"1,166,468.11","14,259,170.25"
2019-08-30,"2,907.38","2,914.58","2,874.10","2,886.24",-46.27,-1.58,"1,519.66",111.20,"1,939,599.51","22,475,116.99"
2019-07-31,"2,944.40","2,944.40","2,926.49","2,932.51",-46.37,-1.56,"1,565.93",114.59,"1,410,523.48","16,460,787.35"
2019-06-28,"2,992.24","2,992.24","2,961.22","2,978.88",80.18,2.77,"1,612.30",117.98,"1,814,315.23","18,364,176.73"
2019-05-31,"2,904.50","2,922.91","2,895.58","2,898.70",-179.64,-5.84,"1,532.12",112.11,"1,952,305.80","19,128,040.36"
2019-04-30,"3,052.62","3,088.41","3,052.62","3,078.34",-12.42,-0.40,"1,711.76",125.26,"2,223,025.17","22,549,812.92"
2019-03-29,"3,000.68","3,093.03","2,999.99","3,090.76",149.80,5.09,"1,724.18",126.17,"3,750,829.91","38,669,960.87"
2019-02-28,"2,950.05","2,965.30","2,930.20","2,940.95",356.38,13.79,"1,574.37",115.21,"3,502,066.02","29,876,395.31"
2019-01-31,"2,581.33","2,606.63","2,571.58","2,584.57",90.68,3.64,"1,217.99",89.13,"1,543,038.69","12,601,324.74"
2018-12-28,"2,483.62","2,505.11","2,478.33","2,493.90",-94.29,-3.64,"1,127.32",82.49,"1,192,452.50","10,598,085.30"
2018-11-30,"2,564.56","2,590.21","2,555.32","2,588.19",-14.60,-0.56,"1,221.61",89.39,"1,393,290.21","11,221,982.72"
2018-10-31,"2,573.01","2,612.92","2,567.03","2,602.78",-218.57,-7.75,"1,236.20",90.46,"1,805,503.48","15,489,473.53"
2018-09-28,"2,794.26","2,821.76","2,791.84","2,821.35",96.10,3.53,"1,454.77",106.45,"1,342,904.56","12,536,998.94"
2018-08-31,"2,730.11","2,744.63","2,710.54","2,725.25",-151.15,-5.25,"1,358.67",99.42,"1,097,587.42","11,481,335.39"
2018-07-31,"2,866.90","2,884.68","2,854.32","2,876.40",28.98,1.02,"1,509.82",110.48,"1,189,311.17","11,952,876.79"
2018-06-29,"2,789.81","2,848.37","2,782.38","2,847.42",-248.06,-8.01,"1,480.84",108.36,"1,256,716.85","13,565,237.79"
2018-05-31,"3,061.83","3,098.08","3,054.27","3,095.47",13.24,0.43,"1,728.89",126.51,"1,404,755.32","18,519,903.70"
2018-04-27,"3,082.41","3,088.03","3,049.91","3,082.23",-86.67,-2.73,"1,715.65",125.54,"1,312,256.43","17,952,026.00"
2018-03-30,"3,161.79","3,177.72","3,152.89","3,168.90",-90.51,-2.78,"1,802.32",131.89,"1,546,465.96","19,600,669.69"
2018-02-28,"3,264.06","3,277.83","3,239.84","3,259.41",-221.43,-6.36,"1,892.83",138.51,"1,510,435.36","18,023,381.52"
2018-01-31,"3,470.51","3,495.45","3,454.73","3,480.83",173.66,5.25,"2,114.25",154.71,"2,072,534.03","24,265,795.86"
2017-12-29,"3,295.25","3,308.22","3,292.77","3,307.17",-10.02,-0.30,"1,940.59",142.00,"1,415,868.36","17,035,675.51"
2017-11-30,"3,328.64","3,340.92","3,306.28","3,317.19",-76.15,-2.24,"1,950.61",142.74,"1,565,958.51","19,207,678.51"
2017-10-31,"3,381.00","3,397.10","3,376.12","3,393.34",44.40,1.33,"2,026.76",148.31,"1,534,982.06","19,992,958.45"
2017-09-29,"3,340.31","3,357.02","3,340.31","3,348.94",-11.87,-0.35,"1,982.36",145.06,"1,448,624.43","17,589,282.30"
2017-08-31,"3,361.46","3,367.36","3,340.69","3,360.81",87.78,2.68,"1,994.23",145.93,"2,344,197.81","26,913,310.78"
2017-07-31,"3,252.75","3,276.95","3,251.19","3,273.03",80.60,2.52,"1,906.45",139.51,"2,460,394.40","25,352,592.08"
2017-06-30,"3,176.95","3,193.24","3,171.57","3,192.43",75.25,2.41,"1,825.85",133.61,"1,214,645.43","14,319,560.34"
2017-05-31,"3,125.33","3,143.28","3,111.56","3,117.18",-37.48,-1.19,"1,750.60",128.10,"1,529,504.30","17,791,330.99"
2017-04-28,"3,144.02","3,154.73","3,136.58","3,154.66",-67.86,-2.11,"1,788.08",130.84,"1,628,898.99","18,319,576.98"
2017-03-31,"3,206.25","3,226.25","3,205.54","3,222.51",-19.22,-0.59,"1,855.93",135.81,"1,964,429.22","21,403,615.99"
2017-02-28,"3,225.97","3,242.68","3,225.97","3,241.73",82.57,2.61,"1,875.15",137.22,"1,512,443.18","18,601,928.88"
2017-01-26,"3,149.22","3,163.10","3,148.91","3,159.17",55.53,1.79,"1,792.59",131.17,"1,138,767.72","12,501,319.39"
2016-12-30,"3,097.35","3,108.84","3,089.99","3,103.64",-146.40,-4.50,"1,737.06",127.11,"1,332,671.30","15,173,278.17"
2016-11-30,"3,272.14","3,277.27","3,239.52","3,250.03",149.54,4.82,"1,883.45",137.82,"2,435,760.53","26,280,873.82"
2016-10-31,"3,097.19","3,102.30","3,081.07","3,100.49",95.79,3.19,"1,733.91",126.88,"1,515,067.64","17,842,774.54"
2016-09-30,"2,994.25","3,009.20","2,993.06","3,004.70",-80.79,-2.62,"1,638.12",119.87,"1,013,335.62","11,279,453.85"
2016-08-31,"3,072.92","3,087.70","3,063.40","3,085.49",106.15,3.56,"1,718.91",125.78,"1,413,686.09","16,898,611.77"
2016-07-29,"2,992.54","3,000.06","2,972.92","2,979.34",49.73,1.70,"1,612.76",118.01,"1,501,015.34","17,019,856.66"
2016-06-30,"2,931.48","2,938.14","2,922.31","2,929.61",12.99,0.45,"1,563.03",114.38,"1,544,649.30","18,745,979.81"
2016-05-31,"2,822.59","2,917.14","2,822.59","2,916.62",-21.71,-0.74,"1,550.04",113.42,"2,152,603.41","23,652,850.48"
2016-04-29,"2,935.38","2,950.58","2,930.36","2,938.32",-65.59,-2.18,"1,571.74",115.01,"1,093,106.28","12,850,273.22"
2016-03-31,"3,009.37","3,023.41","2,992.92","3,003.92",315.94,11.75,"1,637.34",119.81,"2,204,134.45","25,221,975.83"
2016-02-29,"2,754.81","2,755.89","2,638.96","2,687.98",-49.62,-1.81,"1,321.40",96.69,"2,074,107.09","19,464,019.64"
2016-01-29,"2,652.85","2,755.37","2,649.79","2,737.60",-801.58,-22.65,"1,371.02",100.32,"1,866,731.06","18,000,681.26"
2015-12-31,"3,570.47","3,580.60","3,538.35","3,539.18",93.78,2.72,"2,172.60",158.98,"1,769,636.59","25,403,107.38"
2015-11-30,"3,433.86","3,470.37","3,327.81","3,445.40",62.84,1.86,"2,078.82",152.12,"3,041,979.03","38,750,365.28"
2015-10-30,"3,380.28","3,417.20","3,346.59","3,382.56",329.78,10.80,"2,015.98",147.52,"2,435,951.18","30,726,677.34"
2015-09-30,"3,052.84","3,073.30","3,039.74","3,052.78",-153.20,-4.78,"1,686.20",123.39,"1,466,424.49","15,656,919.75"
2015-08-31,"3,203.56","3,207.86","3,109.16","3,205.99",-457.74,-12.49,"1,839.41",134.60,"3,974,313.82","43,106,860.12"
2015-07-31,"3,655.67","3,729.51","3,620.17","3,663.73",-613.50,-14.34,"2,297.15",168.09,"3,509,557.45","46,047,225.38"
2015-06-30,"4,006.75","4,279.97","3,847.88","4,277.22",-334.52,-7.25,"2,910.64",212.99,"7,091,766.33","94,152,465.99"
2015-05-29,"4,603.47","4,698.19","4,431.56","4,611.74",170.09,3.83,"3,245.16",237.47,"6,112,624.09","95,536,559.21"
2015-04-30,"4,483.01","4,507.34","4,441.05","4,441.66",693.76,18.51,"3,075.08",225.02,"5,267,279.75","77,434,921.17"
2015-03-31,"3,822.99","3,835.57","3,737.04","3,747.90",437.60,13.22,"2,381.32",174.25,"5,616,760.37","72,129,494.74"
2015-02-27,"3,296.83","3,324.55","3,291.01","3,310.30",99.94,3.11,"1,943.72",142.23,"2,991,637.17","33,501,956.88"
2015-01-30,"3,273.75","3,288.50","3,210.31","3,210.36",-24.31,-0.75,"1,843.78",134.92,"2,583,125.48","28,426,565.21"
2014-12-31,"3,172.60","3,239.36","3,157.26","3,234.68",551.84,20.57,"1,868.10",136.70,"4,059,985.21","43,231,984.40"
2014-11-28,"2,629.63","2,683.18","2,622.06","2,682.84",262.66,10.85,"1,316.26",96.32,"4,658,800.35","40,195,116.79"
2014-10-31,"2,393.18","2,423.60","2,384.48","2,420.18",56.31,2.38,"1,053.60",77.10,"3,257,635.22","24,991,544.31"
2014-09-30,"2,361.32","2,365.49","2,354.27","2,363.87",146.67,6.62,997.29,72.98,"1,939,186.90","16,693,343.02"
2014-08-29,"2,198.95","2,218.70","2,193.26","2,217.20",15.64,0.71,850.62,62.24,"1,052,024.96","9,304,387.29"
2014-07-31,"2,179.54","2,202.13","2,173.90","2,201.56",153.24,7.48,834.98,61.10,"1,646,916.54","13,243,845.15"
2014-06-30,"2,038.61","2,052.34","2,038.53","2,048.33",9.12,0.45,681.75,49.89,"966,665.98","8,001,116.96"
2014-05-30,"2,040.39","2,046.96","2,031.37","2,039.21",12.85,0.63,672.63,49.22,"751,488.98","6,235,364.24"
2014-04-30,"2,020.44","2,029.54","2,016.58","2,026.36",-6.95,-0.34,659.78,48.28,"745,285.78","5,767,735.79"
2014-03-31,"2,043.05","2,048.13","2,024.19","2,033.31",-23.00,-1.12,666.73,48.79,"943,565.36","7,157,368.88"
2014-02-28,"2,040.62","2,058.49","2,020.94","2,056.30",23.22,1.14,689.72,50.47,"1,116,379.07","9,568,407.21"
2014-01-30,"2,045.93","2,045.93","2,031.47","2,033.08",-82.90,-3.92,666.50,48.77,"626,151.84","5,826,449.83"
2013-12-31,"2,090.68","2,120.27","2,087.42","2,115.98",-104.53,-4.71,749.40,54.84,"804,743.75","7,145,628.15"
2013-11-29,"2,221.62","2,224.94","2,212.26","2,220.50",78.89,3.68,853.92,62.49,"1,069,590.53","9,783,402.55"
2013-10-31,"2,155.51","2,155.51","2,137.47","2,141.61",-33.05,-1.52,775.03,56.71,"1,080,630.20","8,863,883.58"
2013-09-30,"2,167.73","2,176.30","2,165.16","2,174.67",76.28,3.64,808.09,59.13,"928,100.81","8,898,275.92"
2013-08-30,"2,097.22","2,114.39","2,089.10","2,098.38",104.58,5.25,731.80,53.55,"1,700,756.49","13,205,568.08"
2013-07-31,"2,000.79","2,015.47","1,987.88","1,993.80",14.59,0.74,627.22,45.90,"701,606.03","5,939,433.42"
2013-06-28,"1,935.52","1,987.98","1,925.65","1,979.21",-321.39,-13.97,612.63,44.83,"1,007,379.68","7,751,387.47"
2013-05-31,"2,320.74","2,325.53","2,299.37","2,300.60",122.68,5.63,934.02,68.35,"1,081,625.54","10,070,398.52"
2013-04-26,"2,203.89","2,210.58","2,173.86","2,177.91",-58.71,-2.62,811.33,59.37,"766,739.70","6,525,150.69"
2013-03-29,"2,238.49","2,246.87","2,228.81","2,236.62",-128.97,-5.45,870.04,63.67,"855,654.73","7,335,818.51"
2013-02-28,"2,322.32","2,366.16","2,308.92","2,365.59",-19.83,-0.83,999.01,73.10,"1,269,504.94","11,591,826.84"
2013-01-31,"2,383.43","2,391.82","2,371.23","2,385.42",116.29,5.13,"1,018.84",74.55,"1,397,078.92","11,620,503.70"
2012-12-31,"2,236.46","2,269.51","2,236.46","2,269.13",289.01,14.60,902.55,66.04,"1,280,314.02","10,554,183.18"
2012-11-30,"1,961.82","1,983.42","1,959.33","1,980.12",-88.76,-4.29,613.54,44.90,"568,934.16","3,773,910.68"
2012-10-31,"2,061.12","2,070.48","2,053.58","2,068.88",-17.29,-0.83,702.30,51.39,"595,272.34","4,315,908.85"
2012-09-28,"2,042.89","2,089.63","2,040.35","2,086.17",38.65,1.89,719.59,52.66,"794,489.52","6,480,232.35"
2012-08-31,"2,046.29","2,059.30","2,044.65","2,047.52",-56.11,-2.67,680.94,49.83,"461,439.04","3,526,978.79"
2012-07-31,"2,109.33","2,116.90","2,100.25","2,103.63",-121.80,-5.47,737.05,53.93,"534,560.97","4,347,081.44"
2012-06-29,"2,190.58","2,226.49","2,188.72","2,225.43",-146.80,-6.19,858.85,62.85,"614,418.86","5,596,466.06"
2012-05-31,"2,370.01","2,382.99","2,362.31","2,372.23",-24.08,-1.00,"1,005.65",73.59,"778,902.28","7,538,346.02"
2012-04-27,"2,402.43","2,408.42","2,393.87","2,396.32",133.53,5.90,"1,029.74",75.35,"912,283.50","8,401,607.24"
2012-03-30,"2,256.04","2,266.21","2,246.25","2,262.79",-165.70,-6.82,896.21,65.58,"620,241.47","5,596,202.99"
2012-02-29,"2,446.23","2,453.07","2,426.33","2,428.49",135.88,5.93,"1,061.91",77.71,"955,369.52","9,190,838.18"
2012-01-31,"2,285.95","2,296.38","2,277.06","2,292.61",93.19,4.24,926.03,67.76,"487,383.25","4,377,751.99"
2011-12-30,"2,177.52","2,200.99","2,177.52","2,199.42",-134.00,-5.74,832.84,60.94,"519,438.38","4,269,883.56"
2011-11-30,"2,406.33","2,407.33","2,319.44","2,333.41",-134.84,-5.46,966.83,70.75,"766,111.04","7,221,526.35"
2011-10-31,"2,470.25","2,478.31","2,455.21","2,468.25",109.03,4.62,"1,101.67",80.62,"841,725.62","8,178,344.72"
2011-09-30,"2,368.40","2,377.54","2,348.22","2,359.22",-208.12,-8.11,992.64,72.64,"488,183.72","4,610,460.85"
2011-08-31,"2,566.53","2,574.42","2,545.10","2,567.34",-134.39,-4.97,"1,200.76",87.87,"591,697.20","6,223,626.69"
2011-07-29,"2,706.50","2,721.53","2,681.27","2,701.73",-60.35,-2.18,"1,335.15",97.70,"754,716.55","8,378,476.09"
2011-06-30,"2,729.99","2,774.37","2,729.99","2,762.08",18.60,0.68,"1,395.50",102.12,"909,671.24","10,303,746.89"
2011-05-31,"2,707.56","2,744.93","2,702.10","2,743.47",-168.04,-5.77,"1,376.89",100.75,"679,003.83","7,779,711.08"
2011-04-29,"2,886.63","2,913.56","2,871.01","2,911.51",-16.60,-0.57,"1,544.93",113.05,"875,342.55","9,322,153.02"
2011-03-31,"2,954.65","2,961.63","2,914.38","2,928.11",23.06,0.79,"1,561.53",114.27,"1,089,356.11","13,440,818.29"
2011-02-28,"2,880.17","2,906.17","2,861.82","2,905.05",114.36,4.10,"1,538.47",112.58,"1,187,057.63","14,833,706.29"
2011-01-31,"2,751.53","2,790.92","2,748.54","2,790.69",-17.38,-0.62,"1,424.11",104.21,"915,028.14","10,684,148.89"
2010-12-31,"2,759.16","2,808.93","2,758.13","2,808.08",-12.10,-0.43,"1,441.50",105.48,"833,502.14","10,844,174.60"
2010-11-30,"2,863.41","2,881.16","2,758.92","2,820.18",-158.65,-5.33,"1,453.60",106.37,"1,393,248.63","17,308,502.17"
2010-10-29,"2,993.30","2,996.77","2,955.48","2,978.84",323.18,12.17,"1,612.26",117.98,"1,471,097.54","19,456,038.60"
2010-09-30,"2,599.72","2,656.00","2,597.60","2,655.66",16.86,0.64,"1,289.08",94.33,"895,803.61","10,708,151.57"
2010-08-31,"2,644.79","2,647.25","2,626.79","2,638.80",1.29,0.05,"1,272.22",93.10,"1,108,902.45","12,475,374.38"
2010-07-30,"2,642.85","2,643.04","2,614.73","2,637.50",239.13,9.97,"1,270.92",93.00,"947,737.88","9,412,093.98"
2010-06-30,"2,409.54","2,411.44","2,382.36","2,398.37",-193.78,-7.48,"1,031.79",75.50,"552,105.69","5,115,435.13"
2010-05-31,"2,647.87","2,665.39","2,591.54","2,592.15",-278.46,-9.70,"1,225.57",89.68,"787,438.82","8,720,375.08"
2010-04-30,"2,867.65","2,875.81","2,820.95","2,870.61",-238.49,-7.67,"1,504.03",110.06,"887,344.44","10,598,997.80"
2010-03-31,"3,129.57","3,130.11","3,101.76","3,109.11",57.16,1.87,"1,742.53",127.51,"1,011,433.51","12,280,444.84"
2010-02-26,"3,053.50","3,067.53","3,041.69","3,051.94",62.65,2.10,"1,685.36",123.33,"1,012,962.91","12,146,897.24"
2010-01-29,"2,979.74","3,024.85","2,968.45","2,989.29",-287.85,-8.78,"1,622.71",118.74,"804,758.75","9,565,689.04"
2009-12-31,"3,265.00","3,282.21","3,250.03","3,277.14",81.84,2.56,"1,910.56",139.81,"1,165,204.02","13,897,737.08"
2009-11-30,"3,114.29","3,195.88","3,114.29","3,195.30",199.45,6.66,"1,828.72",133.82,"1,388,602.63","16,025,360.24"
2009-10-30,"3,007.25","3,027.13","2,983.93","2,995.85",216.42,7.79,"1,629.27",119.22,"1,047,921.87","11,740,275.62"
2009-09-30,"2,772.57","2,803.86","2,763.71","2,779.43",111.68,4.19,"1,412.85",103.39,"648,332.54","6,813,629.99"
2009-08-31,"2,817.63","2,817.63","2,663.00","2,667.75",-744.32,-21.81,"1,301.17",95.21,"1,182,462.50","12,463,680.04"
2009-07-31,"3,354.68","3,414.15","3,333.72","3,412.06",452.70,15.30,"2,045.48",149.68,"1,937,143.75","22,392,052.15"
2009-06-30,"2,990.12","2,997.27","2,953.36","2,959.36",326.43,12.40,"1,592.78",116.55,"1,258,139.58","14,370,235.89"
2009-05-27,"2,601.24","2,635.31","2,592.79","2,632.93",155.36,6.27,"1,266.35",92.67,"1,031,677.20","10,327,925.27"
2009-04-30,"2,477.93","2,491.07","2,461.37","2,477.57",104.36,4.40,"1,110.99",81.30,"1,311,541.68","12,841,598.84"
2009-03-31,"2,313.88","2,375.71","2,299.16","2,373.21",290.36,13.94,"1,006.63",73.66,"1,426,954.98","13,521,869.46"
2009-02-27,"2,100.06","2,123.24","2,064.92","2,082.85",92.19,4.63,716.27,52.41,"1,229,052.10","9,810,210.51"
2009-01-23,"2,001.17","2,008.79","1,986.35","1,990.66",169.85,9.33,624.08,45.67,"859,677.06","6,293,239.24"
2008-12-31,"1,834.95","1,844.37","1,814.75","1,820.81",-50.35,-2.69,454.23,33.24,"503,960.99","3,352,616.97"
2008-11-28,"1,901.68","1,915.27","1,856.29","1,871.16",142.37,8.24,504.58,36.92,"777,222.81","5,050,747.26"
2008-10-31,"1,754.21","1,765.68","1,721.59","1,728.79",-565.00,-24.63,362.21,26.50,"402,196.19","2,515,580.77"
2008-09-26,"2,304.12","2,310.45","2,246.28","2,293.78",-103.59,-4.32,927.20,67.85,"782,593.07","6,663,511.31"
2008-08-29,"2,361.05","2,420.85","2,352.10","2,397.37",-378.35,-13.63,"1,030.79",75.43,"464,057.68","3,731,639.69"
2008-07-31,"2,844.65","2,848.00","2,774.10","2,775.72",39.61,1.45,"1,409.14",103.11,"445,302.69","4,357,757.73"
2008-06-30,"2,724.40","2,766.80","2,693.40","2,736.10",-697.25,-20.31,"1,369.52",100.22,"385,188.54","4,055,634.05"
2008-05-30,"3,414.25","3,450.49","3,390.88","3,433.35",-259.75,-7.03,"2,066.77",151.24,"484,954.07","6,490,387.77"
2008-04-30,"3,545.57","3,705.09","3,543.02","3,693.11",220.39,6.35,"2,326.53",170.24,"1,076,177.08","15,631,329.44"
2008-03-31,"3,465.91","3,555.82","3,445.56","3,472.71",-875.83,-20.14,"2,106.13",154.12,"471,134.69","6,682,547.32"
2008-02-29,"4,293.53","4,364.81","4,275.90","4,348.54",-34.85,-0.80,"2,981.96",218.21,"478,353.83","7,551,551.37"
2008-01-31,"4,408.02","4,487.32","4,368.30","4,383.39",-878.17,-16.69,"3,016.81",220.76,"451,415.58","7,618,931.21"
2007-12-28,"5,320.01","5,336.50","5,248.69","5,261.56",389.79,8.00,"3,894.98",285.02,"771,870.38","13,368,040.16"
2007-11-30,"4,993.74","4,993.74","4,861.86","4,871.78","-1,082.99",-18.19,"3,505.20",256.49,"433,146.62","7,050,039.37"
2007-10-31,"5,984.71","6,002.12","5,871.48","5,954.77",402.46,7.25,"4,588.19",335.74,"710,295.64","11,945,783.53"
2007-09-28,"5,461.58","5,560.42","5,461.58","5,552.30",333.48,6.39,"4,185.72",306.29,"806,312.85","13,881,182.57"
2007-08-31,"5,184.09","5,235.16","5,158.37","5,218.83",747.79,16.73,"3,852.25",281.89,"1,035,562.61","15,677,507.77"
2007-07-31,"4,432.27","4,476.63","4,379.20","4,471.03",650.33,17.02,"3,104.45",227.17,"1,085,614.10","15,041,236.54"
2007-06-29,"3,824.29","3,919.35","3,779.81","3,820.70",-288.95,-7.03,"2,454.12",179.58,"860,999.85","10,476,068.52"
2007-05-31,"4,006.28","4,178.11","3,858.04","4,109.65",268.38,6.99,"2,743.07",200.73,"1,731,153.12","23,952,189.22"
2007-04-30,"3,784.27","3,851.35","3,759.48","3,841.27",657.29,20.64,"2,474.69",181.09,"1,465,257.13","18,596,193.66"
2007-03-30,"3,178.50","3,212.39","3,157.03","3,183.98",302.91,10.51,"1,817.40",132.99,"894,240.06","8,299,941.68"
2007-02-28,"2,734.60","2,888.90","2,732.88","2,881.07",94.74,3.40,"1,514.49",110.82,"1,214,791.68","9,542,180.84"
2007-01-31,"2,926.08","2,929.65","2,766.75","2,786.34",110.86,4.14,"1,419.76",103.89,"1,142,659.70","8,613,696.86"
2006-12-29,"2,585.42","2,698.90","2,585.42","2,675.47",576.19,27.45,"1,308.89",95.78,"867,690.12","5,909,279.00"
2006-11-30,"2,058.77","2,102.06","2,058.77","2,099.29",261.30,14.22,732.71,53.62,"727,797.31","4,408,310.43"
2006-10-31,"1,811.47","1,839.32","1,811.47","1,837.99",85.57,4.88,471.41,34.50,"465,571.35","2,477,922.48"
2006-09-29,"1,740.06","1,755.69","1,740.06","1,752.42",93.79,5.65,385.84,28.23,"412,362.85","2,346,227.33"
2006-08-31,"1,655.90","1,661.47","1,650.00","1,658.64",45.91,2.85,292.06,21.37,"351,350.16","1,908,755.20"
2006-07-31,"1,659.54","1,659.54","1,611.16","1,612.73",-59.48,-3.56,246.15,18.01,"336,544.86","1,955,873.37"
2006-06-30,"1,679.72","1,690.95","1,662.28","1,672.21",30.91,1.88,305.63,22.36,"498,370.76","2,858,834.24"
2006-05-31,"1,656.28","1,667.23","1,628.68","1,641.30",201.08,13.96,274.72,20.10,"570,159.79","3,308,943.99"
2006-04-28,"1,403.52","1,444.71","1,389.35","1,440.22",141.93,10.93,73.64,5.39,"445,620.43","2,507,631.24"
2006-03-31,"1,291.52","1,298.75","1,285.74","1,298.30",-0.73,-0.06,-68.28,-5.00,"266,368.58","1,395,785.94"
2006-02-28,"1,294.81","1,299.47","1,277.74","1,299.03",40.98,3.26,-67.55,-4.94,"236,474.22","1,169,897.79"
2006-01-25,"1,251.27","1,260.17","1,245.92","1,258.05",96.99,8.35,-108.53,-7.94,"265,586.60","1,368,216.96"
2005-12-30,"1,171.58","1,173.06","1,158.97","1,161.06",61.80,5.62,-205.52,-15.04,"200,279.34","1,019,671.39"
2005-11-30,"1,095.30","1,099.58","1,090.72","1,099.26",6.44,0.59,-267.32,-19.56,"108,759.75","461,759.95"
2005-10-31,"1,079.04","1,096.15","1,078.29","1,092.82",-62.80,-5.43,-273.76,-20.03,"148,351.42","651,647.93"
2005-09-30,"1,156.77","1,158.70","1,150.63","1,155.61",-7.18,-0.62,-210.97,-15.44,"144,934.81","695,950.66"
2005-08-31,"1,145.81","1,163.52","1,140.10","1,162.80",79.77,7.36,-203.78,-14.91,"216,760.99","960,270.01"
2005-07-29,"1,084.97","1,088.48","1,077.12","1,083.03",2.09,0.19,-283.55,-20.75,"176,839.44","721,453.31"
2005-06-30,"1,103.48","1,103.48","1,078.10","1,080.94",20.20,1.90,-285.64,-20.90,"137,859.59","640,696.32"
2005-05-31,"1,061.61","1,070.50","1,057.75","1,060.74",-98.41,-8.49,-305.84,-22.38,"92,392.24","424,195.70"
2005-04-29,"1,168.33","1,170.20","1,155.99","1,159.15",-22.09,-1.87,-207.43,-15.18,"141,056.96","737,383.82"
2005-03-31,"1,168.83","1,181.53","1,162.03","1,181.24",-124.77,-9.55,-185.34,-13.56,"104,377.90","537,167.22"
2005-02-28,"1,311.44","1,315.14","1,298.93","1,306.00",114.18,9.58,-60.58,-4.43,"176,514.32","1,024,460.06"
2005-01-31,"1,210.76","1,210.76","1,190.17","1,191.82",-74.67,-5.90,-174.76,-12.79,"90,780.62","466,800.97"
2004-12-31,"1,275.39","1,280.83","1,264.49","1,266.50",-74.27,-5.54,-100.08,-7.32,"83,039.49","469,570.14"
2004-11-30,"1,336.00","1,341.48","1,332.29","1,340.77",20.23,1.53,-25.81,-1.89,"92,772.45","547,504.64"
2004-10-29,"1,316.60","1,337.28","1,304.07","1,320.54",-76.16,-5.45,-46.04,-3.37,"179,057.15","1,121,592.79"
2004-09-30,"1,418.11","1,420.05","1,390.68","1,396.70",54.64,4.07,30.12,2.20,"129,590.49","823,466.23"
2004-08-31,"1,342.30","1,360.75","1,331.76","1,342.06",-44.14,-3.18,-24.52,-1.79,"116,527.32","687,334.79"
2004-07-30,"1,408.49","1,409.12","1,384.74","1,386.20",-12.96,-0.93,19.62,1.44,"89,972.95","587,153.20"
2004-06-30,"1,408.27","1,415.84","1,394.68","1,399.16",-156.74,-10.07,32.58,2.38,"82,008.29","556,771.50"
2004-05-31,"1,549.03","1,556.79","1,544.71","1,555.91",-39.68,-2.49,189.33,13.85,"73,183.81","558,619.71"
2004-04-30,"1,579.97","1,599.56","1,572.23","1,595.59",-146.04,-8.39,229.01,16.76,"124,183.80","995,004.62"
2004-03-31,"1,726.57","1,745.70","1,724.21","1,741.62",66.56,3.97,375.04,27.44,"161,440.43","1,418,723.19"
2004-02-27,"1,657.26","1,675.32","1,657.04","1,675.07",84.34,5.30,308.49,22.57,"197,083.63","1,646,193.02"
2004-01-30,"1,631.11","1,634.41","1,589.40","1,590.73",93.68,6.26,224.15,16.40,"240,621.30","1,906,162.55"
2003-12-31,"1,513.62","1,516.52","1,491.25","1,497.04",99.82,7.14,130.46,9.55,"145,623.84","1,114,981.36"
2003-11-28,"1,388.31","1,401.46","1,385.82","1,397.23",48.92,3.63,30.65,2.24,"120,049.09","845,170.57"
2003-10-31,"1,341.50","1,364.66","1,334.78","1,348.30",-18.86,-1.38,-18.28,-1.34,"99,874.78","659,874.47"
2003-09-30,"1,354.65","1,371.07","1,348.22","1,367.16",-54.82,-3.86,0.58,0.04,"60,596.07","451,446.92"
2003-08-29,"1,414.41","1,422.35","1,406.68","1,421.98",-54.76,-3.71,55.40,4.05,"57,140.23","465,151.22"
2003-07-31,"1,480.01","1,482.60","1,474.14","1,476.74",-9.28,-0.62,110.16,8.06,"55,658.49","442,188.31"
2003-06-30,"1,493.69","1,500.97","1,483.69","1,486.02",-90.24,-5.72,119.44,8.74,"57,804.20","470,975.53"
2003-05-30,"1,570.92","1,581.61","1,567.28","1,576.26",54.82,3.60,209.68,15.34,"161,468.76","1,436,162.46"
2003-04-30,"1,511.15","1,539.57","1,510.60","1,521.44",10.87,0.72,154.86,11.33,"188,984.10","1,550,675.49"
2003-03-31,"1,491.39","1,511.22","1,490.99","1,510.58",-1.35,-0.09,144.00,10.54,"105,093.86","891,305.20"
2003-02-28,"1,512.87","1,514.50","1,501.42","1,511.93",12.12,0.81,145.35,10.64,"64,657.82","596,318.86"
2003-01-29,"1,501.29","1,508.59","1,498.37","1,499.82",142.16,10.47,133.24,9.75,"99,055.41","811,411.67"
2002-12-31,"1,364.97","1,370.53","1,348.71","1,357.65",-76.53,-5.34,-8.93,-0.65,"65,058.34","583,355.74"
2002-11-29,"1,420.43","1,450.19","1,409.20","1,434.18",-73.31,-4.86,67.60,4.95,"150,647.13","1,226,784.91"
2002-10-31,"1,510.03","1,521.87","1,506.00","1,507.50",-74.12,-4.69,140.92,10.31,"35,792.18","315,441.63"
2002-09-27,"1,587.24","1,591.84","1,577.53","1,581.62",-85.00,-5.10,215.04,15.74,"39,055.81","418,770.19"
2002-08-30,"1,666.98","1,669.14","1,664.82","1,666.62",15.02,0.91,300.04,21.96,"39,507.55","426,146.18"
2002-07-31,"1,667.62","1,671.48","1,649.01","1,651.59",-81.16,-4.68,285.01,20.86,"51,030.74","532,500.93"
2002-06-28,"1,724.73","1,747.23","1,711.00","1,732.76",217.02,14.32,366.18,26.79,"297,353.83","2,731,947.53"
2002-05-31,"1,523.01","1,532.03","1,513.26","1,515.73",-152.02,-9.12,149.15,10.91,"42,143.20","406,523.68"
2002-04-30,"1,668.31","1,673.75","1,657.82","1,667.75",63.84,3.98,301.17,22.04,"97,023.51","1,068,262.76"
2002-03-29,"1,648.09","1,648.09","1,596.25","1,603.91",79.20,5.19,237.33,17.37,"120,085.61","1,177,249.81"
2002-02-28,"1,537.93","1,544.39","1,521.08","1,524.70",33.04,2.21,158.12,11.57,"64,779.89","624,079.50"
2002-01-31,"1,413.22","1,501.33","1,413.22","1,491.67",-154.31,-9.37,125.09,9.15,"188,006.97","1,711,933.95"
2001-12-31,"1,641.43","1,649.80","1,638.32","1,645.97",-102.02,-5.84,279.39,20.44,"51,691.58","579,100.14"
2001-11-30,"1,732.13","1,748.00","1,731.96","1,747.99",58.82,3.48,381.41,27.91,"73,125.07","784,197.76"
2001-10-31,"1,678.93","1,689.17","1,655.89","1,689.17",-75.70,-4.29,322.59,23.61,"40,513.65","452,188.70"
2001-09-28,"1,766.13","1,774.30","1,751.72","1,764.87",-69.27,-3.78,398.29,29.14,"34,211.79","404,674.29"
2001-08-31,"1,838.21","1,846.94","1,831.52","1,834.14",-86.18,-4.49,467.56,34.21,"31,360.65","365,721.70"
2001-07-31,"1,939.26","1,978.10","1,909.30","1,920.32",-297.71,-13.42,553.74,40.52,"71,250.94","876,921.07"
2001-06-29,"2,218.57","2,225.35","2,214.16","2,218.03",3.77,0.17,851.45,62.31,"172,303.51","957,877.04"
2001-05-31,"2,217.87","2,222.65","2,208.88","2,214.26",95.07,4.49,847.68,62.03,"185,730.78","1,685,524.98"
2001-04-30,"2,117.17","2,122.50","2,111.95","2,119.18",6.41,0.30,752.60,55.07,"109,117.82","1,049,714.40"
2001-03-30,"2,101.10","2,112.83","2,096.28","2,112.78",153.60,7.84,746.20,54.60,"243,953.91","1,356,066.87"
2001-02-28,"1,964.36","1,965.02","1,950.93","1,959.18",-106.43,-5.15,592.60,43.36,"61,413.54","667,484.20"
2001-01-19,"2,046.58","2,067.88","2,046.54","2,065.61",-7.87,-0.38,699.03,51.15,"118,312.64","860,158.31"
2000-12-29,"2,055.83","2,073.88","2,055.51","2,073.48",2.86,0.14,706.90,51.73,"136,586.80","1,166,640.37"
2000-11-30,"2,067.07","2,072.29","2,057.04","2,070.61",109.33,5.57,704.03,51.52,"84,655.50","911,526.24"
2000-10-31,"1,974.53","1,979.99","1,956.42","1,961.29",51.13,2.68,594.71,43.52,"90,904.22","791,197.93"
2000-09-29,"1,888.20","1,910.49","1,888.07","1,910.16",-111.04,-5.49,543.58,39.78,"37,455.91","510,130.52"
2000-08-31,"2,062.84","2,064.76","2,019.45","2,021.20",-2.34,-0.12,654.62,47.90,"112,243.08","1,399,824.69"
2000-07-31,"2,016.14","2,023.57","2,008.64","2,023.54",95.43,4.95,656.96,48.07,"123,072.92","1,532,802.95"
2000-06-30,"1,937.84","1,941.40","1,924.97","1,928.11",33.55,1.77,561.53,41.09,"124,675.78","1,262,440.38"
2000-05-31,"1,875.46","1,894.58","1,869.34","1,894.55",58.23,3.17,527.97,38.63,"157,692.35","1,624,770.84"
2000-04-28,"1,805.50","1,836.33","1,797.71","1,836.32",36.10,2.01,469.74,34.37,"109,713.11","1,136,810.31"
2000-03-31,"1,810.55","1,810.90","1,780.41","1,800.23",85.65,5.00,433.65,31.73,"233,407.25","1,855,225.23"
2000-02-29,"1,728.14","1,733.14","1,678.35","1,714.58",179.58,11.70,348.00,25.46,"286,807.57","3,219,600.79"
2000-01-28,"1,514.56","1,536.35","1,510.75","1,535.00",168.42,12.32,168.42,12.32,"293,889.56","2,070,947.95"
