,StartDate,EndDate,HP-HP(-1),HP-SZ(-1),HP-HP(-2),HP-SZ(-2),SZ-HP(-1),SZ-SZ(-1),SZ-HP(-2),SZ-SZ(-2),HP-const-p,SZ-const-p,HP-HP(-1)-p,SZ-HP(-1)-p,HP-SZ(-1)-p,SZ-SZ(-1)-p,HP-HP(-2)-p,SZ-HP(-2)-p,HP-SZ(-2)-p,SZ-SZ(-2)-p,A,Date
0,2006-02-01,2007-07-01,-0.4890954015899229,0.013372231989853808,-17.790505725864453,0.3791348456489126,0.40355409364565975,0.00615302186699432,18.496552638491842,-0.4910899113337405,0.03110150000461072,0.4972685903965786,0.06828005464027115,0.2151985558024132,0.0056425476655065174,0.14247135478943507,0.1121306303042782,0.17355122786115296,0.3134244385420801,0.132666533605228,-1.5918260961241038,2006-11-01
1,2006-03-01,2007-08-01,-0.3374284481131477,0.013816163710195159,-14.8853750033265,0.4944057251896938,0.3867628020212351,0.0011413866245118245,25.0145409629032,-0.5560502829777424,0.06548009246100397,0.851315909092039,0.18594753391428231,0.23141284607014434,0.009560179101385029,0.05718340168912131,0.18564494839889867,0.07913041842609085,0.8248499315259971,0.027013132331671432,-6.0691939656531755,2006-12-01
2,2006-04-01,2007-09-01,-0.09755085066716823,0.017967897996325626,-18.06296838973927,0.4925692581857738,0.6850861545110898,0.0012058373604870404,23.327284962129603,-0.5537902746831103,0.6624963934345841,0.6655319001870706,0.7779808314043533,0.17653116989566786,0.004607602487275164,0.044358596351567775,0.047044421448002575,0.08003048301339857,0.8518617946018572,0.02640593759791115,-3.5842369339487483,2007-01-01
3,2006-05-01,2007-10-01,0.3417658791023165,0.017467706386303548,-9.307046433880572,0.4861374930996485,0.9673664412828278,-0.0021044658329337266,29.597199621994964,-0.6243377318305521,0.4124623192576576,0.7875357708404599,0.23387835565537066,0.3557931400962323,0.01724045730071294,0.05903309134164096,0.021761091752811282,0.04553568670463511,0.7729036407210685,0.014741871922623247,-7.385547597307258,2007-02-01
4,2006-06-01,2007-11-01,0.049408311113705465,0.01275148424176043,-25.41161831155315,0.2287343455558669,0.5187785365839888,0.00601672469740449,1.6300168355002205,-0.18009712935201413,0.4227607879969991,0.01736926296372293,0.8573096793458745,0.030795786385628358,0.0907897458470162,0.4786249879090378,0.12836475946020814,0.9111552886800393,0.3813981000324476,0.5405977391224707,-17.115610597624663,2007-03-01
5,2006-07-01,2007-12-01,0.08441104977028924,0.01989603057431429,-27.34636310097788,0.05769263865724654,0.3488667924836445,0.006736566729902296,1.2029127238204094,-0.20931602839816185,0.5319690656491053,0.005161521013073922,0.794002486624338,0.014086863905688356,0.01923825750957552,0.8438307560346673,0.3671531503613006,0.9280934633845186,0.40234448826755387,0.4501498070837364,-11.571494626960945,2007-04-01
6,2006-08-01,2008-01-01,0.16581485674529953,0.01902796468267839,-6.806423532429028,-0.3422073066708102,0.29128325040538305,0.009151595561878213,-22.378978223362996,0.1666492465601996,0.6711236065481199,0.082184053820315,0.5736892316985901,0.6443594148894636,0.03354594230562012,0.4448423317265529,0.4725895379368836,0.27002737653335784,0.2343226628898799,0.6651084172288311,-18.334159621093498,2007-05-01
7,2006-09-01,2008-02-01,0.19372247863068373,0.01469218763142181,-8.363880793090841,0.10860569754017196,0.1026490768420984,0.009285837942422394,-2.127891960429674,0.165878905661779,0.15263485082924547,0.2959375612197012,0.5154503243573392,0.5997152301072324,0.01363468129297337,0.7332530220602596,0.7045200663105426,0.8831891582930059,0.23119244717689744,0.6893455569389608,-14.643483076471016,2007-06-01
8,2006-10-01,2008-03-01,0.2925582969795937,0.012806710719886398,-14.430964845276346,0.23590085876379896,-0.06366867278697877,0.005246630256232686,8.539735836393271,0.4693446370711933,0.02680008116364844,0.7600346225352259,0.31751370184781713,0.3883768937211885,0.026056086224289426,0.4733058693844552,0.8034382771148924,0.5592009458923648,0.4350353398510154,0.22185437579461165,-13.187894485129599,2007-07-01
9,2006-11-01,2008-04-01,0.34237860593500186,0.011547829243250169,-2.5152040437029872,0.004836435886894632,-0.1064679588691161,0.00465213779487549,0.7651368017200469,0.3405378089511801,0.02170082686399131,0.8504466643074984,0.2598525916406248,0.8753287471203866,0.02411528538313535,0.985715706089779,0.6560123386078752,0.9516180089654324,0.4889105063894269,0.3369558154049063,-12.399994984352901,2007-08-01
10,2006-12-01,2008-05-01,0.30750990049150423,0.015657418565420963,-2.712096621554396,0.015923990456559668,-0.20970078602255135,0.0076589499405605435,0.4782453233967141,0.3609247142483596,0.0022958335445484685,0.8412553120816115,0.2452373703343571,0.8654715391337656,0.0016713284484094616,0.9578561946642792,0.33093148928799165,0.9707609107812458,0.15725390707519565,0.2705440344152339,-15.46429278365182,2007-09-01
11,2007-01-01,2008-06-01,0.36295574289606936,0.015960465952949796,-1.3237222822698085,0.08657243567834097,-0.19270562932093688,0.006145155714078168,3.5104860282671413,0.3539169487654338,0.0082705478197323,0.8548072882280813,0.21290430786918635,0.943952333438524,0.002040971379718176,0.7957161274092457,0.3860616352798081,0.8069523914303253,0.35481469810687283,0.40954476794885203,-21.901605128493706,2007-10-01
12,2007-02-01,2008-07-01,0.4090913592439532,0.014699970083084326,-4.0069119382562075,0.04772828027195418,-0.21903115171094506,0.005135515795127818,4.195886712506376,0.367063205336508,0.005920427713485736,0.9252219696490672,0.16857189043012175,0.8333886644407277,0.0022774164420660764,0.877178480624842,0.3243087603926155,0.7683513975883995,0.4372823961389695,0.3864484093886873,-26.21301587604554,2007-11-01
13,2007-03-01,2008-08-01,0.3874035761805617,0.014446936083304163,2.3675665540365283,-0.06215493447440688,-0.1911902614126366,0.006777854765180971,0.315495381420077,0.3178767761307813,0.01068584599393813,0.6976822929428508,0.2166597423930784,0.8950414289784359,0.004614078569699437,0.8313625252497203,0.4064651133363354,0.9809040438736432,0.2941442746826329,0.3899600544821629,-25.28413199422218,2007-12-01
14,2007-04-01,2008-09-01,0.4051601793291836,0.01504754034182741,5.206857698621131,-0.15555902815248715,-0.18559411787004915,0.006484271591614908,1.1325938434463696,0.2311612400708037,0.016230434880816953,0.4982693636506523,0.20128407350653388,0.7687101626483529,0.009829212253374173,0.6327173398887567,0.4240590577311002,0.9303926872370112,0.3348674723009959,0.5381718473450148,-25.670450014979963,2008-01-01
15,2007-05-01,2008-10-01,0.3957872497336112,0.0178675841109218,5.4627133999416575,-0.0961531433736232,-0.20174534501260427,0.012738837195488394,1.650509037474264,0.393540306895642,0.002882531287891751,0.4896740497203089,0.1537173185841925,0.7631426559843691,0.0006722646675993907,0.7794001851476984,0.32024320923783,0.900949305559718,0.04272686158785257,0.3379873722752144,-31.65061238537484,2008-02-01
16,2007-06-01,2008-11-01,0.6669120809144403,0.01841028795742958,10.283865571688297,-0.17797110896541496,-0.38757254506853256,0.008353087765187062,-5.964170856545768,0.29756931977113626,0.004200543516275693,0.5207339855048583,0.008939511277594339,0.5728748362948886,5.373773930288557e-05,0.5850379886988811,0.04939193924488988,0.6723298160552211,0.14335362618224548,0.465928902744352,-14.068993025509114,2008-03-01
17,2007-07-01,2008-12-01,0.9430632263687476,0.01428289139463936,-6.740409811647139,-0.2082171756253704,-0.4127336442455382,0.0060871078767766144,2.3192277186598864,0.4836664455773235,0.11116659726943254,0.6707128103596129,0.0018485977210954034,0.6556763469413561,0.006294020669532107,0.4248533107836573,0.10244791039252256,0.8541140161235782,0.3872614152205681,0.16866690202365275,-4.258896489605425,2008-04-01
18,2007-08-01,2009-01-01,1.0901704521730513,0.008697728490682089,-7.978418372076257,-0.30213239919624657,-0.4228969137068066,-0.0009861983264256944,1.6111421175455116,0.4367673017104093,0.3447444738711785,0.5244606695332565,6.94149384915372e-06,0.5279852822738048,0.09810162627780948,0.2703862445190476,0.07205582966633363,0.8954186719819888,0.8602360533627059,0.13470906639741415,2.4179515802906946,2008-05-01
19,2007-09-01,2009-02-01,0.9809159070546504,0.0043661687483507695,-16.642480332594296,-0.39815436027683465,-0.2947070061000652,-0.004213495963914581,3.8905658135737538,0.3389987922359337,0.902006414685288,0.40733911361916975,0.00016833670253348467,0.1820838244248406,0.4001907010739988,0.10877979030631997,0.19912415187636825,0.7230742494774629,0.4562353753251322,0.21017676997726764,13.932225695381026,2008-06-01
20,2007-10-01,2009-03-01,1.083449193228695,0.006994975462955863,-18.3997170016283,-0.32573766297513473,-0.2960097260846116,-0.002782190740180694,2.8500110807017305,0.4526198915498351,0.7504224732762738,0.778221110036764,0.00017495754194538364,0.21625171497827625,0.25112548839645604,0.2997674827496807,0.18504417068883194,0.8044431298636634,0.6117793237161793,0.10913857647309456,14.696734660215794,2008-07-01
21,2007-11-01,2009-04-01,0.996552276700795,0.01220470736924233,-13.588165496830332,-0.34080033372843194,0.1200535678931473,0.007731641729241033,-12.33812770980225,0.2057598902583923,0.07292255843266136,0.7130672393229229,5.069837866512804e-06,0.3049042017994265,0.00293333860474215,0.17066915792911652,0.5748432078201045,0.34167507500330085,0.09566829946911062,0.464535047901951,-10.205898658265145,2008-08-01
22,2007-12-01,2009-05-01,1.0854509934907917,0.009170209142713293,-5.510916277742875,-0.3436057358227953,-0.08479418645317191,0.0045018574586687884,-21.314953451276164,0.1898252211492483,0.23031530508111264,0.7912559580055941,8.760423165263011e-05,0.7460762344379069,0.04191027875219107,0.2151735980440476,0.8147412217346164,0.3382124536597865,0.3873311536654762,0.5533908190558001,-5.8612444789549425,2008-09-01
23,2008-01-01,2009-06-01,1.0164977226980283,0.011712358918075151,-7.335465620089398,-0.14448942033873727,0.07156581486380792,0.006448829828503047,-9.811849002185305,0.4322485730056464,0.13124350563595588,0.6468927356468692,0.0004728169054954525,0.7141949160185572,0.007089400532843224,0.6296364749426915,0.8430834708821942,0.6935793824746166,0.1860975877555221,0.19822740855158405,-16.034019193022562,2008-10-01
24,2008-02-01,2009-07-01,0.8027523315952423,0.009257702095543092,2.5606164869367176,0.02437798729252116,0.16094448534572114,0.008018718754438938,-11.656453673635587,0.4239021555827692,0.25468040661818403,0.4210046679806684,0.003624464165185679,0.9045300688374348,0.012606908424980528,0.9323339462234536,0.6387633394264438,0.6603410435332789,0.08844178538792588,0.24438433898009715,-16.330012824102067,2008-11-01
25,2008-03-01,2009-08-01,0.6410883142252732,0.011492515590191278,12.936260205129885,-0.1518099890115847,0.3499815614345064,0.009861182130053927,-31.497846173248018,0.15442858650499872,0.22844797893087354,0.6668867488582662,0.020614452453542667,0.5807858023886299,0.001021844893267269,0.6080186235801583,0.2238849146331794,0.19564709429007354,0.009598439497619559,0.6315878155630061,-11.445933844931355,2008-12-01
26,2008-04-01,2009-09-01,0.5652085734061472,0.012306294497971541,14.886553272745402,-0.2294444909908038,0.3984462846358671,0.010163941298448942,-35.38909257238792,0.2370652610318339,0.2580460113148775,0.7064323661760012,0.02108592740356228,0.4564720858299276,9.684786714030256e-05,0.3729410881398211,0.14746748855736025,0.11476882137354552,0.012604180008408272,0.4756625679286661,-9.12643587437706,2009-01-01
27,2008-05-01,2009-10-01,0.5564156565714339,0.011623775948306929,2.5902813586657487,-0.0787957344063974,0.38588585165448186,0.011398769546446594,-9.462769590351009,0.2124069284049626,0.19669356901545376,0.4712423827947648,0.01957973952141163,0.9050304986245584,7.753195726820554e-05,0.7686633807606089,0.12736300042506732,0.6814629962187322,0.004314901908457971,0.559268841370344,11.777930487463484,2009-02-01
28,2008-06-01,2009-11-01,0.5713531998114428,0.014004335776560435,-1.1578515720472715,-0.022791137433947898,0.36556929404636573,0.011888102218838029,-4.1505690303017655,0.2835612412369837,0.2928699695680652,0.4554939610765526,0.0020239608399183467,0.9558407855330158,3.0427954227380083e-08,0.9363977920971044,0.05199398311160983,0.8451542457553378,0.00011749287004312676,0.4160973394912324,20.789609864490064,2009-03-01
29,2008-07-01,2009-12-01,0.4859146158058501,0.014419418804559318,6.046472722312412,-0.03094123814650017,0.4610951135017485,0.014930016652330853,-10.900470291237529,0.09834687666754507,0.3740522982311041,0.3574725357352965,0.006647553426893015,0.7773033808416884,3.3792033050773905e-10,0.9101393178577112,0.011666779224955836,0.6175436287065532,7.3770901761947845e-06,0.8046858488332942,8.110718274182876,2009-04-01
30,2008-08-01,2010-01-01,0.626709726313416,0.015288329778218803,1.9646259657926175,-0.08837310455411697,0.4089019637295053,0.014282982982084375,-8.762156231842734,0.12597168951141302,0.6267602220499344,0.31473852208548825,0.0227432402131517,0.9269212676095288,4.8241746653305374e-05,0.7628370176060008,0.15109183187291902,0.6927088249708486,0.005807544847990906,0.7546521226183172,14.705384863913595,2009-05-01
31,2008-09-01,2010-02-01,0.6906729917933607,0.014893903261614412,9.209141190791213,-0.20013568800472656,0.3548784193610782,0.013171506717932695,-17.05167043879009,-0.2042737786136563,0.6071660528093715,0.02799803233309616,0.002662026958851313,0.4820208860524102,7.169172542442119e-05,0.3490535507854654,0.1727155598826684,0.2501921292967333,0.009718458856280978,0.4815515185092278,17.44518235181243,2009-06-01
32,2008-10-01,2010-03-01,0.8447160986409523,0.015265543667752504,7.434943216726673,-0.21914739578753584,0.03295066581133231,0.013712190825461558,-13.909759064708778,-0.20733193307955888,0.8266292431417392,0.06901435923935184,0.02461751150608712,0.6069384715466082,0.05453292371616908,0.4728718166974811,0.9331864367554116,0.35734639019056896,0.07381836289967579,0.4820440489096631,12.502582536699665,2009-07-01
33,2008-11-01,2010-04-01,0.6529602058894353,0.014345318345106653,5.8738194188756365,-0.2891444181841724,0.2558000777462302,0.01741077020843317,-15.687599349467911,-0.5226669185219079,0.8330405547100734,0.005407370281306904,0.012473897051252163,0.4949842674618637,0.07406861280953145,0.27433984032277503,0.3109480167554877,0.059200712142639424,0.040536617494243865,0.06191349645041926,11.039148735219248,2009-08-01
34,2008-12-01,2010-05-01,0.6154396685377574,0.014080259121094094,2.8535002519642365,-0.16552714767083535,0.2773883341442631,0.017840262137478732,-12.602405839605085,-0.4337058407241244,0.8118287588829829,0.08815515676100949,0.036472733360969664,0.7978089934122746,0.10835305722672436,0.6180359429081741,0.2741734774964134,0.1893899197013432,0.03374200289570168,0.17273033310009733,9.688271232950513,2009-09-01
35,2009-01-01,2010-06-01,0.6650251628572407,0.016042945063087108,6.206443268054122,-0.04104290479224204,0.2481027424035631,0.01870345064790641,-18.447281158625085,-0.5170081169134252,0.9907450390416616,0.07512198775707757,0.017670038098392574,0.5515150060807282,0.04370279126395018,0.8896265809977093,0.3478640459975191,0.06048621909726524,0.0396206406902713,0.12607403111549198,7.753216262768768,2009-10-01
36,2009-02-01,2010-07-01,0.5650690064870498,0.01375347969731204,5.972437154935101,-0.06503311933021559,0.22824280531884986,0.01814608651393075,-17.425760132780134,-0.5540226013389544,0.4804154675960625,0.09223527694365674,0.030443054892310858,0.5512382447359984,0.054584923156627316,0.8128349786731295,0.3714039784334713,0.07544398359496399,0.0331429572561592,0.0901941741807031,6.091485789011749,2009-11-01
37,2009-03-01,2010-08-01,0.5714430235137784,0.013586128195009652,5.730527895268882,-0.07907185456666402,0.24051471719805184,0.01849683852572869,-16.364662662333007,-0.4681586750488148,0.5734901821598407,0.166087083170134,0.030637665173829987,0.5837469087202132,0.05770803463683567,0.7801028320090606,0.34698015136321025,0.10580794556790338,0.02230244534296166,0.14377947438664065,5.609351695850879,2009-12-01
38,2009-04-01,2010-09-01,0.5371101279257442,0.012796335209543637,6.206384381656978,-0.06951704444165174,0.14794372052382831,0.019980849728697497,-15.888373308837545,-0.4817544462978303,0.2022001359695548,0.21620894967186288,0.03152995414857004,0.5415028546078287,0.06256757094352959,0.8036789614094191,0.5734843444566122,0.13741159465522348,0.010335978843829212,0.12869745120471188,5.9678242676884725,2010-01-01
39,2009-05-01,2010-10-01,0.5588264448609596,0.012671694987404844,7.846311088782548,-0.09064573012059332,0.1250964597706894,0.019387104841446543,-16.260620803767036,-0.5195895175419364,0.1977605650332304,0.2752464036894388,0.020740926446542043,0.4067556533849318,0.06619576958569312,0.7370570662529717,0.600990354136229,0.0824222190262828,0.01001821184843575,0.07784457382267825,6.442260950148275,2010-02-01
40,2009-06-01,2010-11-01,0.5957010240881033,0.013110564795512456,4.031769654642291,-0.28797858369496715,0.0690144188187453,0.019701304147148862,-11.843951130566996,-0.5209241458403746,0.16747736805738989,0.3375557018338428,0.014593237623580781,0.6295669673264987,0.05762476914657115,0.22365899761022945,0.7776862869841129,0.15740674465649285,0.008255484639639642,0.0415517704055986,-2.4417317001671424,2010-03-01
41,2009-07-01,2010-12-01,0.609406206211864,0.014991195080358037,2.247989039943422,-0.1032890985915429,0.07024560853058451,0.02033072706056749,-8.85357837260309,-0.2963559110570828,0.1764794042400616,0.2512200531715129,0.008810825414193958,0.747743553933848,0.04897021874696721,0.6516014219307318,0.7694817103032391,0.21890457901685534,0.007250825509724706,0.19263577362963905,0.2342205436185624,2010-04-01
42,2009-08-01,2011-01-01,0.6428214648150347,0.009642682623724823,1.4827900980120168,0.044940720819528435,0.016402601888831324,0.02093438111502511,-7.632184698361919,-0.3226605346961767,0.09595590501726907,0.3337219533623181,0.0046866250599981495,0.8266468473915255,0.2935486389658908,0.8694480212630824,0.9432743987625692,0.26630545413923995,0.005494329320509497,0.1507725751906214,-0.9500556298816991,2010-05-01
43,2009-09-01,2011-02-01,0.6152143068066774,0.007368196070210485,1.594281116986186,0.015095300878804598,0.025949455247371654,0.0299974416168923,-7.863955748302966,-0.23913842456237366,0.11757214908447106,0.3207237894124745,0.0044063053372470256,0.8137931509814476,0.40655719774274135,0.9567165866760904,0.9057303945890532,0.25198407377952337,0.0008512780514172384,0.3960127252297732,3.1828016875531544,2010-06-01
44,2009-10-01,2011-03-01,0.6856747706892481,0.005608045824103411,2.0787415166630803,-0.0668606100869963,-0.035388081258820564,0.029523178294382942,-8.593317115732273,-0.2912685568983752,0.19746312168446767,0.31055498501566314,0.0025900554364268955,0.7379625333776462,0.5691000670564192,0.8036276257654575,0.8794734265153155,0.17740212086233276,0.002611580847821691,0.2766820205569511,3.9216028891306562,2010-07-01
45,2009-11-01,2011-04-01,0.7312899740091947,0.006014490204926282,1.3577697130017299,-0.12544828497679406,-0.047817106895954205,0.028480647143550718,-8.181435852832427,-0.3401544778715191,0.26232229341738145,0.2869565232897964,0.0011227749907229453,0.8171378370311533,0.5660221422699154,0.6472326750219448,0.8408110736109581,0.1889333673331809,0.005051263898433077,0.20051038675534127,3.712512823547458,2010-08-01
46,2009-12-01,2011-05-01,0.6331259719899418,0.002144811755364497,3.0902769038686446,-0.043859892975036896,0.0006286072689446863,0.023076337317649367,-6.641785953683471,-0.2519354321201101,0.19300672886631964,0.5945707713910551,0.001132109767332546,0.6175315879969248,0.8119231134371497,0.8784669546633296,0.9974355237344168,0.2858740877957455,0.00957801016049208,0.3740845684487927,-3.855043712320832,2010-09-01
47,2010-01-01,2011-06-01,0.4743473973916211,0.006215602527194576,1.0799959567924071,-0.007662119290779811,0.07483984921543435,0.021720251176279588,-5.851761288530521,-0.27080371031012035,0.1018423631731822,0.4986205982324188,0.029612782220911908,0.8835789554551421,0.4522970693970189,0.9781453823980316,0.6895274012147998,0.3557023829860869,0.00934174924266888,0.3379639705182577,-2.4401358670688467,2010-10-01
48,2010-02-01,2011-07-01,0.5658331552782475,0.007800676075179163,-1.0866811963685568,-0.05834665736288446,0.105363799897128,0.018922458423782075,-6.3275102766168025,-0.14415588296664072,0.2446624427144329,0.413646356232212,0.013345001299730885,0.8915918018277467,0.33433797596210124,0.83593427226119,0.5615949131260929,0.31742106601478914,0.018425527635209188,0.6065736045593927,-4.9488059022256445,2010-11-01
49,2010-03-01,2011-08-01,0.7848031924469567,0.004901471638408424,-1.6236642329331856,0.009157667526618904,-0.2484888319533696,0.014121279615448488,-1.8657914781934344,-0.11995645141562652,0.06501325885619089,0.804076989752139,0.00011204762292136784,0.8541870291408549,0.4721752135809968,0.9753582978584064,0.2462599304594444,0.8413234207779217,0.04032066349524239,0.6887597615974352,-15.920131758486773,2010-12-01
50,2010-04-01,2011-09-01,0.9002681558335308,0.0036540892584952366,9.429389312407288,-0.07920239548021482,-0.2932188340732309,0.014243438948667269,-5.5214114703209285,-0.10130656963672956,0.08109719502980732,0.6000785059928053,0.00012711647552899306,0.3401358533366159,0.5987434244459968,0.7863361991323985,0.18367826135748175,0.5518425721764026,0.03455691963088533,0.7208911441241124,-13.572003423507061,2011-01-01
51,2010-05-01,2011-10-01,0.9069866023116191,0.003430596237972936,10.825552919601138,-0.3838165540365391,-0.2429326682445088,0.01405810142437392,-1.3087608335182888,-0.2946092692704314,0.14541003462895627,0.2627374499215401,0.00012161760366346616,0.2021404049625135,0.638212921061571,0.14350215088207716,0.2830566618546353,0.8722356388551837,0.04214346531208886,0.2363222473359362,-9.95246652439957,2011-02-01
52,2010-06-01,2011-11-01,1.0132822323921913,0.006727299575632806,15.355715336832516,-0.21522781552812215,-0.3995577026795103,0.019399718732337208,-8.72123866862684,-0.06291384182857583,0.08553785148847637,0.27763875671776805,1.1774025479504755e-05,0.05205417814014523,0.3687624790478505,0.4001972497113542,0.11439267140823975,0.31337696430414697,0.008673899518549117,0.8033433082580913,-5.385228911754293,2011-03-01
53,2010-07-01,2011-12-01,1.123818638247252,0.002705997619449207,17.856130256194906,-0.35779829443830496,-0.37856439584075546,0.017963639550621194,-8.699162371103105,-0.052848000382870006,0.4103622392611788,0.06969803781342868,1.928333357372232e-06,0.01828674327428749,0.7529952195436657,0.19426693921483215,0.13986595217729453,0.28992078334370674,0.013786585617139687,0.8211819011174499,-3.3031178431053605,2011-04-01
54,2010-08-01,2012-01-01,1.0600188979910692,-0.0029341286420203755,16.254437813273466,-0.4692025725926012,-0.20157287617605335,0.007331506981672378,-7.221640958965246,-0.23879705465139356,0.9909159301442304,0.1264407906012157,1.2800624841706178e-07,0.04352505716373824,0.6989607068235602,0.12322416560542415,0.3876713571907675,0.440481110063105,0.331687604636557,0.4306634029300771,-2.392099522526677,2011-05-01
55,2010-09-01,2012-02-01,0.9957923729561357,-0.00198366477083071,0.21968538594087972,-0.28274812861747906,-0.16034475475088594,0.006939558005997939,4.19715042304336,-0.345898189112866,0.9385930623626728,0.1683200649368679,0.0005101850214019478,0.9842372450568556,0.774824333564633,0.29338012514802136,0.5993534287809338,0.7230831790213159,0.3718122997075497,0.2513439417887577,-2.4055841804019424,2011-06-01
56,2010-10-01,2012-03-01,0.9769941058718964,-0.003467532569448549,1.1085046640516505,-0.2245485904632612,-0.1318847198455502,0.005977260542144967,3.9104278712914256,-0.3431748863899477,0.9264642782051398,0.08888246105995602,0.0007887348548637897,0.9212286091452592,0.6366504900813008,0.4270435762926694,0.6458895981509951,0.7235414012339574,0.3701963305641857,0.18160819046110574,-2.702745741815276,2011-07-01
57,2010-11-01,2012-04-01,0.9183436109957829,-0.0006146560098752821,2.698930610096913,-0.3174574499959493,-0.127672675233328,-0.002736823152559909,-0.17696542135951274,-0.2169453276539984,0.6044002799315749,0.2915210034708497,0.00018933226730944043,0.8304279894941241,0.9203241960746408,0.31323104392327905,0.5913460399593762,0.9884096846884046,0.6631604699770407,0.5003280224970916,2.4981456217395714,2011-08-01
58,2010-12-01,2012-05-01,0.5163549134893646,0.0002481465047950657,6.284942684758286,-0.29994272083553963,0.11366928302058198,0.000721938644184158,-2.5739802941219825,-0.2659423360966717,0.3119974592321372,0.3087524862838173,0.007561347097753551,0.6740604422539344,0.9478317566485596,0.306257369908582,0.5004635323550546,0.8435375008517343,0.8611947048888338,0.4047024609238172,-6.386760335695474,2011-09-01
59,2011-01-01,2012-06-01,0.5757866695480672,0.0006001705267832142,-9.218955507784953,-0.2989922401161789,0.06467761285223432,0.002213032658412489,6.22042147212464,-0.31793824873452925,0.5286388831090796,0.13160316186522447,0.058973533238146025,0.6783776545697617,0.8777058864139009,0.2930826903839798,0.7579684555091595,0.684398631576293,0.5694174218444257,0.2622969668056526,-4.495305684673465,2011-10-01
60,2011-02-01,2012-07-01,0.6540574195202843,0.00044774067322444783,-11.601424369727447,-0.29998850427741075,0.13538379578789386,0.0017346753990448893,3.0721721735020875,-0.3012232677420432,0.8871526260894347,0.07107580723679087,0.02988015924593253,0.5897326840597078,0.9100774777295308,0.2894760131521599,0.5615068376518788,0.85367402188775,0.6608606256848519,0.286219313364362,-4.085416129228255,2011-11-01
61,2011-03-01,2012-08-01,0.7927993641262067,-0.0009912770381523318,-4.429059616193936,-0.3774366753969917,-0.12282967446462008,0.00032471176888100665,-11.32041790473793,-0.3760267545264983,0.5183967348120929,0.02210335737384816,0.0025806110773663503,0.8214731657565141,0.7824292932302239,0.158763221395817,0.6296392939076678,0.5513990004796397,0.9271297032275564,0.15576711811707913,9.289588271599818,2011-12-01
62,2011-04-01,2012-09-01,0.8213892414213294,-0.0008220683432813487,-9.825467408157897,-0.3972742806846446,-0.13144595973412046,0.0004909709004474564,-6.944829844150213,-0.4227147965538805,0.6010881613871604,0.03599614906683881,0.006056961190238453,0.6660722358476356,0.823858656192639,0.1574016659176488,0.5979374979572534,0.7141905316030077,0.8917164928342263,0.1234197360958298,8.980031289908151,2012-01-01
63,2011-05-01,2012-10-01,0.8158786213782759,-8.980980506070111e-05,-9.633606008134784,-0.3580775186136352,-0.12393163103384368,0.0005104874857285376,-15.331650777444418,-0.4822272116054586,0.762095180832616,0.01563264211511899,0.008414047483459405,0.6538356619139207,0.9808039371888768,0.16675503116892476,0.6551703866675441,0.4258549606948837,0.8931525717751195,0.06743511340726592,6.7516974855118965,2012-02-01
64,2011-06-01,2012-11-01,1.0592781795412594,0.0003259453003070516,-9.414514312979744,-0.3854106272877987,-0.3609094426677433,0.0037365395746703648,-18.978167100674856,-0.4693829134361238,0.7368467147101165,0.00775641121929594,0.006685948524122754,0.6455097314425335,0.9472715975646984,0.1356047809505983,0.3390292082259297,0.3373277862212397,0.4379971422427099,0.0629795812042078,6.240361028367602,2012-03-01
65,2011-07-01,2012-12-01,1.1280140388544904,0.0012830277666701095,34.95424367834244,-0.3526032496473668,-0.27462491876152284,0.00509263088079418,-40.608087874272634,-0.3810227290673435,0.4039099080820674,0.2351842785742515,1.6598709913185853e-05,0.0704480683172308,0.7811278088579842,0.30059065469301205,0.3933723707204764,0.08709154553066673,0.26467029900514993,0.2579068004008213,13.362296710546904,2012-04-01
66,2011-08-01,2013-01-01,1.174463632536288,0.003684638840863304,31.88394153024472,-0.1769810881321209,-0.1862100694445405,0.005773417970825157,-15.143326339846109,-0.2887524600432462,0.1838267701075006,0.7081477191941821,2.87303204451538e-05,0.11687590156344198,0.3152305314682602,0.5053868351916573,0.5993772722040895,0.5553082742303908,0.2083430047871204,0.3849559813072482,6.8663378226409195,2012-05-01
67,2011-09-01,2013-02-01,1.313389935931747,0.004759435167164596,32.30022597559177,-0.13003546198598967,0.019929753344870352,0.014358785137764356,-19.343628006239832,-0.31259796509968196,0.040757727090730805,0.5459800519239479,0.0003885758432980086,0.10792071762846274,0.3735167770073965,0.6541598478954647,0.966862556053784,0.4575127748537148,0.0024031177015710193,0.2233955967230643,6.185379936585866,2012-06-01
68,2011-10-01,2013-03-01,0.7513288464681431,0.005893140454004583,-1.149772248594896,-0.0495054405098158,0.448924370983681,0.01434553651427204,7.153173635795182,-0.3549285310239144,0.03721207036917611,0.9613102104560052,0.004502739490183456,0.9347719352002326,0.33070172022856625,0.8777352929666733,0.36262247907225975,0.7847705350712741,0.00999940224621335,0.2301938871215873,-6.4451544619927965,2012-07-01
69,2011-11-01,2013-04-01,0.8344387621425247,0.007827453043368252,0.5575114134932793,-0.00833402977316992,0.05419701693580765,0.017700848368474728,-2.1365240199179274,-0.2669298047753466,0.025421371108094903,0.9311113423602828,0.0002480677924606528,0.963331672250843,0.14089314988567878,0.976513444843105,0.842416519178347,0.8829986439685668,0.0015470786888947712,0.3700044078019096,-5.6399032436309025,2012-08-01
70,2011-12-01,2013-05-01,0.7690964036096233,0.008510450369722786,-1.0967555725025822,0.006586244905377029,0.237476426909591,0.017448079336817936,2.4097768016382166,-0.27449206640551216,0.058087814436373925,0.9888198343982796,0.0006858073506548193,0.9255671402172304,0.13536743560340622,0.9822094458742768,0.32115342920694145,0.8459768851577185,0.002681912084246485,0.3621398974910816,-7.078289262037679,2012-09-01
71,2012-01-01,2013-06-01,0.7216567958722486,0.00654368346252253,-5.939374246527656,-0.19582504848711574,0.24476926341655306,0.018695361558852715,3.84171070139517,-0.12869789929309508,0.08716974401407629,0.9142302712449452,0.002128108834356558,0.6530888385722908,0.26182874360157504,0.5505021360630598,0.3382507988416259,0.7892970190733855,0.0030687877110097913,0.7170759067848642,-14.562206975825902,2012-10-01
72,2012-02-01,2013-07-01,0.7484306490291499,0.01200350451987263,-7.4242144050316075,-0.1401703239261048,0.14114895416708748,0.018638317592580986,4.547482942588097,-0.0687881146386975,0.02469797271482555,0.8717886110020234,0.0004225361033524848,0.5497229398302875,0.016161507081325632,0.6309412297537159,0.514449121301297,0.7194129389997963,0.0012127454071524026,0.8381461949349285,-9.457977865035764,2012-11-01
73,2012-03-01,2013-08-01,0.6714137146002459,0.011199446494836993,-5.819606355877478,-0.08194371668833887,0.2521804971942302,0.012994032758259041,4.915770955916035,-0.21472941369131215,0.04110646595152805,0.8805434717990768,0.012809016318719387,0.6392079592458952,0.07956473315830154,0.7804371500290671,0.34567813988185303,0.6895677454294961,0.04974912862200051,0.4810708542268009,-13.841137552752388,2012-12-01
74,2012-04-01,2013-09-01,0.5581040625304061,0.009947926452276459,-3.7109691216444345,-0.008966103272094517,0.29956003549118243,0.012008452599290476,3.5194827520366943,-0.2289261557964595,0.0373646605153435,0.9414147747898656,0.045665629977006524,0.7640002791249608,0.14041276109339138,0.9760499928512176,0.28815338905834864,0.7779776905446607,0.0947036080890698,0.4716648945461407,-7.52628548804283,2013-01-01
75,2012-05-01,2013-10-01,0.620508245988176,0.00823089176609398,-5.47284053637879,-0.015992944452852258,0.17441200310167662,0.010651373941570506,3.7454776722566874,-0.17244935225685853,0.04242236266880235,0.7980817632535188,0.024448671885323014,0.6367254825308852,0.22302933138888334,0.955066046528311,0.4996639217501445,0.7301060968210216,0.13857478136727625,0.5682110725595461,-5.433196189271013,2013-02-01
76,2012-06-01,2013-11-01,0.6361863387718076,0.008890248257121272,-6.786928587429184,-0.09885698325720926,0.16893248576541836,0.010122875900055514,3.244192484644581,-0.14239458597283855,0.09122030361894076,0.4727585716444228,0.02115242992029035,0.5445310706466535,0.20542166279226606,0.7286316251336686,0.5135669576216261,0.7572181435324576,0.15355431898764607,0.6208551785278043,-5.6660602838580845,2013-03-01
77,2012-07-01,2013-12-01,0.6642389870731583,0.0062138309947829505,-5.452823150726252,-0.22161656571164934,0.0956786786854981,0.009379681649146406,-0.5327728326516186,-0.221729679973782,0.11820213752015216,0.2966868756292802,0.02568679161513408,0.619165339298081,0.4287472042242807,0.4436957954925987,0.7402770111291109,0.9600462979474248,0.2384580993402672,0.4494632991420886,-6.37934427918882,2013-04-01
78,2012-08-01,2014-01-01,0.6476161391334185,0.005203336485265293,-3.804300025504399,-0.22608707555904325,0.0650525055356979,0.007603263890658184,-3.18153077701867,-0.3039550496083208,0.08584899017953464,0.3062933023922185,0.0205718111629775,0.7203297999282358,0.5068682088104219,0.4478587353042344,0.8088145044666291,0.7554719745610894,0.3339128618248687,0.3093325210099618,-6.023210977020593,2013-05-01
79,2012-09-01,2014-02-01,0.5899330431894394,0.0069723329237608355,-6.32275557211837,-0.2130747177260201,0.09583404582337288,0.008984698261521571,-3.177789680595465,-0.3150097757135369,0.11919696935626654,0.19531270956256985,0.048000814311843255,0.5556901351726669,0.3725660106304096,0.4486537441191336,0.7264901814695189,0.7470701011677119,0.2552689095102959,0.2674199393337489,-5.054700595334294,2013-06-01
80,2012-10-01,2014-03-01,0.6831705269966997,0.0074754180993546315,-7.088359706935758,-0.2942423650879272,0.08465047501580106,0.009638552600149257,-7.7151318105640385,-0.29241836198836474,0.35398588906510764,0.04816453632320192,0.018063677222483726,0.4482399051353534,0.3534319956165892,0.258841009435724,0.7617925681804882,0.3930703784295064,0.2246748339538619,0.2548057922348326,-8.174366230144614,2013-07-01
81,2012-11-01,2014-04-01,0.7325091514964599,0.00960351350876692,-7.5685633084568575,-0.05511387692644228,0.15969838369035189,0.010132195024956568,2.8638397836405187,-0.18125119378905424,0.7775642728755323,0.6236734295935789,0.013198137267117351,0.35961649346552194,0.29080814990839843,0.8283047936700206,0.6385005295598996,0.7631159828685242,0.2330241907549976,0.4453350327850544,-8.676874220927242,2013-08-01
82,2012-12-01,2014-05-01,0.804751102010933,0.011287393882597445,-5.972620854108597,-0.2136260435999874,0.21819919845760305,0.011210317540282972,3.31630102608334,-0.13889018670888206,0.7651819420380159,0.8887187690893112,0.008132586168531125,0.4373723060932448,0.308378128845658,0.4458888457130796,0.5348659105101756,0.7091858879149975,0.2094282337870461,0.538637596985639,-8.429988442663369,2013-09-01
83,2013-01-01,2014-06-01,1.0196221002696702,-0.0010700774626154774,-4.832215153720707,-0.30669428823453937,0.20643708007606704,-0.0083547250233061,3.1165818564506758,-0.28840847177047685,0.004851727135298209,0.8952145976762621,1.0002728023003907e-08,0.4967677049618986,0.8831541735554643,0.29186710069832345,0.3368848902252267,0.7167681151681897,0.2290960713284476,0.29886683282038984,-8.55423644747079,2013-10-01
84,2013-02-01,2014-07-01,0.6473088905215996,0.00219040405634342,-6.690042315244919,-0.29841436018967177,0.7466684629121892,-0.010823064048666023,2.2292118957371394,-0.2579168790140943,3.0153153757995445e-07,0.6757500243579877,0.008785002334213551,0.5678494447210367,0.7401526110552976,0.34056897272798003,0.014158385553695453,0.8772249795843765,0.07716665579372503,0.3743446924425241,-6.091836921055066,2013-11-01
85,2013-03-01,2014-08-01,0.5995253781820326,0.0018893077535789614,-4.563473278811825,-0.3685440108405221,0.8025390445786499,-0.010695003195359171,1.0231588891660492,-0.27461195049972675,3.2258825560865604e-08,0.7308196521363441,0.003923209198059575,0.6661674409162615,0.7464628312134004,0.2152393845587124,0.003349997543663667,0.9414125167772056,0.05848859217330004,0.3397661618570033,-2.7029761527101823,2013-12-01
86,2013-04-01,2014-09-01,0.9116544344332116,-0.0027766594945932933,-0.7891420825611597,-0.3626543045373855,0.17196778129698395,-0.003363002998063605,-5.165055405265544,-0.1806544430304188,0.08545244905258821,0.3601183727202816,0.01265336066361437,0.937304649807576,0.7852476322092123,0.1946254842086057,0.7073860809902083,0.6811599160301042,0.7366759809288661,0.5103450228183829,-2.053629586363806,2014-01-01
87,2013-05-01,2014-10-01,1.2620164053506346,-0.002983712175790397,0.7599414937506861,-0.1308071844222719,-0.32040321710995884,-0.004862741782686511,-3.779048217595535,-0.14400773514443727,0.4340202697787834,0.09431949901619044,0.00011983651897738232,0.8977418048731222,0.8006627888641398,0.5390982692876074,0.3797834663452734,0.5654398350930498,0.6565832347556019,0.4650185665726985,0.6945758588899945,2014-02-01
88,2013-06-01,2014-11-01,1.3773508084568058,-0.005713803292489134,4.5671863096083865,-0.16402617048026044,-0.4702681580930208,-0.003225460576526248,-8.736007432347483,-0.1016784832493585,0.7144688595573874,0.013888213209194531,3.36880558067914e-06,0.41848029882699533,0.7294417620596837,0.6021412755395583,0.1313290872115025,0.1410907111696303,0.7754823816546363,0.6368718603918477,-0.9261893295261484,2014-03-01
89,2013-07-01,2014-12-01,1.4513914656040532,-0.0019885801881184407,10.241891766553355,0.24394625343425386,-0.5315041568920036,0.024594708802501603,-14.664561414964865,0.30885652468064484,0.13855395408817858,0.07097672940460359,6.106026438984981e-13,0.1097087048044619,0.8512734364665192,0.4688899846533301,0.011664476307260892,0.028429664412849043,0.03654810436092815,0.4083564621506632,8.245400401016571,2014-04-01
90,2013-08-01,2015-01-01,1.4884723307253882,-0.012475657191526743,7.682758199106746,-0.2496442295079236,-0.5878028544482357,0.015959235675334058,-14.121660671924502,-0.01385789124762041,0.4540299046330858,0.05656377360538665,2.703617529990321e-10,0.3367194959116329,0.14835193729715124,0.39396271039703706,0.013144300218227642,0.07909975593950823,0.16657288203367293,0.9717588795020591,-2.219749232556879,2014-05-01
91,2013-09-01,2015-02-01,1.5299111386174835,-0.012660141523696268,8.31110330654885,-0.2707694647360082,-0.6833195900152642,0.00540176226672535,-15.62999038172756,-0.13783483264755508,0.4476393049574966,0.052169428185765615,1.3820164596220804e-11,0.2939633579421316,0.10917859051793788,0.3275171269759207,0.003660972646867988,0.057479931918692814,0.4423441053698029,0.5753241414686321,-0.41537153388697545,2014-06-01
92,2013-10-01,2015-03-01,1.5490838529710966,-0.014022157359209869,7.704169193578345,-0.2955878866315074,-0.7532430516428299,0.0019102279936163067,-16.97169916460946,-0.2560254938979046,0.6260548965655099,0.05581234003642566,2.544007749879261e-10,0.3292701438223462,0.09509739798011538,0.2751268226151685,0.00216835851442033,0.03212749415023305,0.798631582040859,0.2888818898745541,-2.268442903219623,2014-07-01
93,2013-11-01,2015-04-01,1.4899679770901784,-0.0160493399221235,12.956865313402574,-0.11105883264632677,-0.7118876092509391,0.001979481858774109,-20.432698236881865,-0.26156157184449064,0.5107385377278222,0.03457742363719458,8.168843815647619e-10,0.14295847641347334,0.05877037321512225,0.7198216943719313,0.0037347950791617695,0.022443377987588897,0.7965273330992706,0.35005542139197554,1.9420354607653436,2014-08-01
94,2013-12-01,2015-05-01,1.3757023286958991,-0.005649594762140961,12.106580253135824,-0.03528557399277068,-0.5859259774873912,0.004105420776286004,-18.60102809463898,-0.19979836165255369,0.17744701789364614,0.04877136963507634,2.291111780809356e-08,0.16440013313604762,0.4415914790922315,0.8919168783772778,0.013536630365770729,0.026669552700047915,0.5932523354169441,0.4623887012155251,-1.674672883545012,2014-09-01
95,2014-01-01,2015-06-01,1.3990746655936266,-0.0060833529828085075,9.967891868557276,0.02987738673641172,-0.5992434722810818,0.003047287024409202,-17.214104611684164,-0.4395291469540943,0.33866944263334603,0.13957523490547502,3.223605206750562e-08,0.3087573953386996,0.4076224168081958,0.9163056777685888,0.012022502981888792,0.06229414442182025,0.6363658474768628,0.07806018885459659,-1.9580092449857944,2014-10-01
96,2014-02-01,2015-07-01,1.3820323708197788,-0.006016818229057055,3.0605862462884024,0.3580549206671905,-0.6586605052723234,0.005509969482090561,-10.537554300698275,-0.4682425119958759,0.0418060517091482,0.6715497146039194,6.803920642952655e-11,0.7913655012983644,0.2890430280601134,0.248063704248788,0.001256790883245272,0.3447783229914217,0.3420614360614396,0.13936864425216625,-6.378672647185298,2014-11-01
97,2014-03-01,2015-08-01,1.3913495205186441,-0.0076229176269257785,-1.1214226105870078,0.551755577166083,-0.6911715242490901,0.004640780061829856,-7.3873075414214915,-0.3455091476087063,0.05102608956062783,0.7474019580477844,4.75792693698154e-11,0.927025018571144,0.12776878654034005,0.05688753835469153,0.0005479066096009354,0.5234089941174629,0.4069229609809492,0.28617226962635856,-1.5667695617171151,2014-12-01
98,2014-04-01,2015-09-01,1.405947000271753,-0.008094789991107014,-2.2294942678898435,0.5553829485174467,-0.7133335548160127,0.004006078813051133,-7.941132263397095,-0.295998984074011,0.0654052729942991,0.5096059714654099,8.800605478726107e-12,0.8502546718050394,0.09988015054842277,0.04891285996456662,0.00039127692609321625,0.4910706347983045,0.4372947978744404,0.3167330534433359,-0.5689859499145095,2015-01-01
99,2014-05-01,2015-10-01,1.3902911223189909,-0.007936554926061445,-0.0894078855795171,0.5704386105887101,-0.6870086353649449,0.004268293588510457,-8.787061054814007,-0.4098176581611322,0.08011670591286367,0.7803010001943279,1.2721467440128176e-11,0.9942694135847988,0.10773035011102536,0.056559323781626036,0.0013503773100406009,0.4989810690153285,0.3755168131835871,0.16052591559101034,0.2724944659216008,2015-02-01
100,2014-06-01,2015-11-01,1.1716343078879303,-0.0031086764967772807,5.128357782330652,0.5019580813372138,-0.32629785766963715,0.0007683119066252205,-16.59245058241574,-0.3593785651563039,0.7703375106648951,0.4172504464464062,3.77249775917289e-08,0.6832004586542169,0.4826127170303326,0.05468069735772407,0.1381997581522299,0.20136108850165854,0.8653746787529955,0.17894595987934925,-6.857858609614773,2015-03-01
101,2014-07-01,2015-12-01,0.7156870993507579,-0.00015213983113263483,4.351497956312413,0.502054450341072,0.08741786607066993,-0.0023055058212503557,-14.563444004025275,-0.32581520429130073,0.8594823294198097,0.561473700902116,0.0009142385528451316,0.7960040894262053,0.965340226218522,0.06594065658823528,0.6901379919219034,0.3943816661405376,0.4987980861858531,0.22028644557621024,-3.614711138511248,2015-04-01
102,2014-08-01,2016-01-01,0.3390874638907789,-0.0006911688342264242,21.153809129421354,0.4568107885045629,0.3583697353290771,-0.002489036630062719,-32.383103604489364,-0.3027013164008778,0.6232396641055702,0.22405720535278828,0.16884778357250907,0.4335738873916506,0.8128077665650072,0.15333066451153754,0.09378470837731352,0.16713295052118393,0.3817511397693142,0.3318226363652197,-15.961345698202427,2015-05-01
103,2014-09-01,2016-02-01,0.2363260322246691,-0.0020595383847362213,10.853042462715152,0.2672545409652733,0.3770791755404348,-0.002793197041061373,-30.84572249095552,-0.3137897171745793,0.4395012660885048,0.15992056453769501,0.35069004805385706,0.7020546818767208,0.3733941179810495,0.3025415167087025,0.0663315946523776,0.1800251305958267,0.30149138750825444,0.3001727745885041,-9.418297068223907,2015-06-01
104,2014-10-01,2016-03-01,0.29618489994760977,-0.0010599816588329216,9.31418675303886,0.2604629504128494,0.35545765648446964,-0.0055545546256637185,-33.805377835088485,-0.4381419790273707,0.9514842720547608,0.17342360695532474,0.3312723043124333,0.7490612619119024,0.7039489303302515,0.3282732629620039,0.14739379869860295,0.14913833649929725,0.04813666684512904,0.10267789982315144,-17.157930130292645,2015-07-01
105,2014-11-01,2016-04-01,0.622637383013747,0.0008174356124124883,7.549415224221184,0.2514050516756972,0.3610183024624999,-0.0035923318958682796,-31.29929314115169,-0.4286553098659791,0.1544973338921626,0.15622819550601186,0.024847454953918432,0.7543129957963617,0.7764061842814233,0.3149963797182451,0.20429057679348414,0.2055055448969546,0.2562567493321496,0.11914989760785842,-11.122899381517088,2015-08-01
106,2014-12-01,2016-05-01,0.6473912711946618,0.0018672034802181055,23.878239557041802,0.332485194425404,0.20472067728565144,-0.004415259526799804,-42.99567657596867,-0.2788982334751522,0.2606063725321658,0.20527104591317924,0.011462007811960436,0.29534745866594103,0.5115791608192687,0.18965845971372666,0.4854322498599973,0.10015702626820518,0.09221578980571864,0.2326464025984526,6.353550983814437,2015-09-01
107,2015-01-01,2016-06-01,0.6903779608129184,0.0015261705239181214,25.202497112481595,0.4039463224630625,0.08767188141970356,-0.004185973444590902,-32.73529247008889,-0.3766865077713405,0.4376276988095341,0.3938842875917676,0.011353403167426269,0.2916660875177937,0.6060227438465731,0.11933617577759982,0.7398429451534383,0.15716708999982326,0.15442527262371286,0.14369731771056096,11.567435895841957,2015-10-01
108,2015-02-01,2016-07-01,0.7792052333397458,0.0013024128089183552,28.081709044204796,0.40618491130683937,0.0650356169383572,-0.0039060568274154493,-26.29339259860443,-0.3512158109828334,0.5412902299340263,0.4823075239201092,0.0026379325203369107,0.228491305153982,0.6394975442605042,0.1045253573581086,0.7825408126697689,0.21497224631999234,0.1594613362075844,0.15980651535729162,27.809676357163962,2015-11-01
109,2015-03-01,2016-08-01,0.8656959584883414,0.003265518873774091,13.67247397650417,0.2878862922514139,-0.0145333851817778,-0.004141079603317084,-4.5823760387981,-0.31095058887520777,0.17233803340789433,0.5339998463240084,0.00864970584173721,0.5571386742707267,0.3515813078880045,0.2449553741867848,0.9643995837985512,0.8420726830455435,0.20975581274244687,0.18240368342232016,-0.4525864482590409,2015-12-01
110,2015-04-01,2016-09-01,1.3152995858290326,0.0035149232574104355,13.820870860103215,0.11740851585874446,-0.3319517259301181,-0.004404720167242395,-1.5953625430658542,-0.3625784449264897,0.2331163693516685,0.2744402231799725,7.974454915844542e-05,0.4746866054132696,0.4528987141152931,0.6654830777014982,0.3338039467863165,0.9361579220146125,0.26465102161349685,0.11332793944052046,7.125110365920285,2016-01-01
111,2015-05-01,2016-10-01,1.1421191813659164,0.00439111429954336,11.713951970173614,0.08711484142325722,-0.2531861982611121,-0.0047132787557431785,3.37114992270126,-0.4638620425750717,0.2836759175480729,0.197478379965666,7.891606975045651e-05,0.4587574322205524,0.367722059888247,0.7436696554554958,0.4864799434996946,0.8653572161826255,0.330068636016165,0.07942503528933763,5.9213365047677575,2016-02-01
112,2015-06-01,2016-11-01,1.1414267409585312,0.004323432283682738,11.82759966252898,0.07700073453604853,-0.276629755649148,-0.0043125496894588795,-1.299215482936634,-0.3932462559219781,0.27393687924216803,0.3059641434707441,5.349975007011393e-05,0.4344823400794705,0.3742063416966976,0.7676263212021034,0.3648922165622976,0.9366743002080468,0.3819181809763995,0.13659897443804386,6.772820925014662,2016-03-01
113,2015-07-01,2016-12-01,1.1853163095502597,0.004421447763984609,10.790664010412693,-0.04419524443110325,-0.4085482053802619,-0.004426033709929339,-4.7880058979181435,-0.4085884213262864,0.3981813380542996,0.43888635610954296,0.00010017377006293352,0.4505493956434201,0.4243467420084227,0.8649077577151223,0.1900135751240576,0.7435027405361453,0.4051300206639841,0.10156727277121158,0.8034889214378659,2016-04-01
114,2015-08-01,2017-01-01,1.0723179855837544,0.002452428632741685,9.066699000975474,-0.1975595500256539,-0.2658668358392629,-0.004527013640257568,-3.2729584273735295,-0.5089260027450401,0.2815686592492561,0.6532184595222728,0.00015834530076315633,0.4488828575576179,0.6803346906354064,0.4313403592027165,0.32580777523916593,0.7742731625552345,0.4305524551062521,0.03564401125239003,1.4269126050581393,2016-05-01
115,2015-09-01,2017-02-01,1.0773816015209956,0.0004743169596603197,8.953411743082087,-0.16068610112461942,-0.31764637164338394,-0.00823841266403349,-2.3332319545622124,-0.4374544825813539,0.0764293972070253,0.5044002320442817,9.137237253329522e-06,0.4420415798758461,0.927157828513986,0.5184370158135259,0.17203094687191944,0.834321589916142,0.1124541593986316,0.07886479148744242,-4.903898639804287,2016-06-01
116,2015-10-01,2017-03-01,1.0801849905602388,0.0013946968266131815,13.473705115449874,-0.26567745896934725,-0.29077710820097674,-0.0077173185338396295,-4.224549529458888,-0.43200920562790257,0.13859451912376752,0.2990595727233261,0.0008603284084947321,0.2772351794379575,0.8422452940966346,0.3217092874283136,0.3112769976376111,0.7005984527010982,0.21980684081875132,0.07258968206028786,-3.1081291436070964,2016-07-01
117,2015-11-01,2017-04-01,1.1569076000629035,0.0023392448768894984,10.875431463405286,-0.3599361117227406,-0.4305150352378509,-0.004465273701771851,4.279585828363279,-0.6792630750420484,0.0813808691314417,0.03512778035115236,2.4965192851105042e-05,0.23197345864453436,0.7363156627925675,0.11805501242308225,0.111527744269574,0.6332206262926356,0.5213145391580172,0.003251116842787445,-8.381988828512599,2016-08-01
118,2015-12-01,2017-05-01,1.1361519837586072,0.002904124395295248,-3.1763743313944865,-0.06696017452731576,-0.4274575177448277,-0.003929498291619426,3.937737968325509,-0.4165037365178028,0.07481849899904214,0.6135858806526393,3.0387081950954143e-05,0.4857079075265891,0.6766504409379852,0.5653374242837788,0.11036069763025476,0.3791893293387895,0.5732653059425068,0.0003575064696229324,-0.7777998938400923,2016-09-01
119,2016-01-01,2017-06-01,1.1336027748714443,0.00023321554235251982,-3.586506173550976,-0.4093377116366569,-0.44595216382395575,-0.003634614161901185,1.468548795486141,-0.375543290357606,0.08043014131499505,0.058777168926738385,2.189204712783725e-05,0.31461728608902195,0.9847347244984432,0.011914927740604216,0.1014192404652392,0.6862820548210407,0.5944951536137275,3.812029673362841e-05,0.015225170365265044,2016-10-01
120,2016-02-01,2017-07-01,1.15686501031273,-0.007468395287955858,-3.855003655508363,-0.3334898015230121,-0.5862676084899496,-0.012302879806234828,3.1929211218179927,-0.3219874923840332,0.03605735511037842,0.25790774152925144,1.099023348834002e-05,0.2915014792565266,0.5938339107387733,0.08644156066732901,0.032150742347052175,0.4008499754480317,0.3539909250982615,0.08072486260361005,0.13926956531094792,2016-11-01
121,2016-03-01,2017-08-01,1.1673447823004544,0.00152054285166114,-4.772106861986861,-0.31875929367333217,-0.6132942671694538,-0.011388655815824069,4.8028096230991855,-0.2811433081264596,0.02574524101608468,0.35106784223370946,2.7550925260352547e-06,0.1863339852270828,0.9308086917518756,0.20945718063662688,0.012556205124213812,0.17771399973901558,0.3591431104033839,0.1185538611421676,-0.215531965371904,2016-12-01
122,2016-04-01,2017-09-01,1.1810747357729334,-0.001478826353105956,-4.4169782101009964,-0.323828691902829,-0.6567607353250332,0.001143860827404151,4.6716267375704925,-0.41067924878151335,0.0120027905679525,0.4101148014784888,2.2220068627309903e-07,0.2027017310160296,0.9271593790129518,0.18801383425419735,0.0035100773664420303,0.17209588264873255,0.9418044104267158,0.08477590642987969,-1.6090202060224292,2017-01-01
123,2016-05-01,2017-10-01,1.127558564029275,-0.005637875585797217,-5.726696424313335,-0.4134464044220062,-0.6490311349492638,-0.0053342675838323715,4.950780226674102,-0.5190871812159293,0.004030282567030572,0.15093716050186892,2.671590298213957e-07,0.0764123089999189,0.7224780554989061,0.07740327025862799,0.002362295646443254,0.11581776225769345,0.7347639610654437,0.02538663084085399,0.23434993477764596,2017-02-01
124,2016-06-01,2017-11-01,0.9962226656628236,-0.010887726896940831,-5.336114920016405,-0.41118170784217,-0.6635033699675783,-0.014018638031416205,5.4283391173615545,-0.4722722599930802,1.684178358757789e-05,0.4042989767137616,4.3121054274452154e-07,0.15168297103350842,0.43544869166726496,0.11885764992065803,0.0003121623032104076,0.11835569432793105,0.3139591376203722,0.07245450061351268,2.6597653064629094,2017-03-01
125,2016-07-01,2017-12-01,0.9874091737092022,-0.004579713610415056,-3.7799471196220233,-0.3815397635406872,-0.5771946485816352,-0.011815861344174438,5.949431907615863,-0.4139422711971492,0.0036155990051328704,0.9870784793722736,1.5879524313187554e-05,0.2979865137205716,0.7570801953681067,0.1045446887055468,0.003125604733107488,0.05502891001835526,0.4465584921721807,0.09302296304319647,2.3933441921615697,2017-04-01
126,2016-08-01,2018-01-01,0.9666417939262626,-0.007642482132970652,-4.683279262432035,-0.4568752556394962,-0.4741214565444819,-0.008114836651844173,6.5367181674366925,-0.520903885653124,0.020238979784442127,0.8071199662145906,4.211510834949289e-05,0.2335969104139487,0.6330008800316711,0.0866018054456699,0.04048977100900531,0.08996498169559683,0.5825045419158692,0.03414695776066416,4.298036947180959,2017-05-01
127,2016-09-01,2018-02-01,1.098363975596694,-0.009047295443361162,-8.138766396385211,-0.6443714400851249,-0.5858738906439834,-0.002556302037169986,10.50180182697932,-0.6808672775792735,0.013231726610338815,0.8965688689989009,1.1361161886228125e-05,0.07626819396601645,0.5180907021545671,0.012113645951194879,0.01423231973333056,0.016624930297697394,0.8624957924418561,0.011927067610798692,1.0804832970991116,2017-06-01
128,2016-10-01,2018-03-01,1.110467066172125,-0.009326874724529682,-7.148711048998612,-0.5033191300050404,-0.6143627022214878,-0.00012739555948214338,9.536643353363429,-0.6825234037705269,0.00923747255098274,0.7131756692020276,5.113328152327258e-06,0.12540612572995982,0.4378002281351252,0.028827451759197605,0.009537022876443084,0.035680420429113686,0.99301522626172,0.014350064492742204,2.3241890836033194,2017-07-01
129,2016-11-01,2018-04-01,1.1837167561283708,-0.0018896025242426304,-4.24089702399133,-0.18138831647240752,-0.6472876822581567,0.004883670276372511,8.920449028273078,-0.1985601300089442,0.00307375916599765,0.25354073871104266,7.942695960666433e-08,0.4309966955122868,0.8645724181047774,0.5026421288534915,0.002407570235710009,0.08683037916411686,0.6520377574242615,0.4528560280767325,7.45603173609677,2017-08-01
130,2016-12-01,2018-05-01,1.2809581025402612,0.000712798669387971,-3.912016473477182,-0.16904646357282674,-0.7408030012838451,0.002027647576509303,8.601619889564706,-0.20563966047495488,0.003456374010903248,0.2521592738691498,5.591088953855935e-07,0.5302513364033865,0.9550983163506854,0.5834719148175831,0.0028682925387332717,0.15516160934435527,0.8492095359345314,0.428492039373495,7.477117936050264,2017-09-01
131,2017-01-01,2018-06-01,1.3841776521909293,0.005833332559897388,-6.715733970303634,-0.3307232459537022,-0.8327763332335538,-0.005275882074436257,11.42648843261151,0.04199527794838442,0.013711404922527651,0.26670144135913665,1.7009810063752532e-06,0.3582068083433728,0.6891905688908396,0.36960680789958594,0.003386082006649915,0.11163733633353937,0.6956629834228696,0.901946588862924,12.61887528387954,2017-10-01
132,2017-02-01,2018-07-01,1.3671621937567615,-0.007079690633514594,-7.344261074700768,-0.3799969769740488,-0.6816701276586982,-0.007585297940856455,12.443775933905028,0.005923581809013804,0.04527669095550326,0.1949895909197119,3.0945876314631875e-08,0.30053523177748986,0.5528685856909333,0.26746616057393546,0.007266719905860897,0.08802474232488737,0.5165057220909437,0.985928607216786,20.130471335048504,2017-11-01
133,2017-03-01,2018-08-01,1.489231840600583,-0.002398137129843007,-13.970539369519939,-0.6056542428845599,-0.5957134902621756,-0.022722843370797097,17.003048319847633,-0.001271750104726407,0.5057931024692777,0.3219343750641909,0.002515835549097709,0.180512764836976,0.9062423488929268,0.15990673866369087,0.2386671939288383,0.1120560453014726,0.2223066358880937,0.9974250921865389,15.289269509651868,2017-12-01
134,2017-04-01,2018-09-01,0.7910236343881922,-0.017645516859530738,-6.9289244572028945,-0.4522735808073128,-0.11762703074756853,-0.04594838190151285,12.163925242294276,0.2320547247561022,0.13640914507865548,0.1298498910580438,0.07135206224704177,0.3980105016348737,0.4327913707301003,0.2820082044506784,0.8269403102092574,0.2263779612577561,0.009826699105145928,0.4853576676374078,13.76670211673234,2018-01-01
135,2017-05-01,2018-10-01,0.7779200985946183,-0.0187191741067501,3.014398634789837,-0.12924518302720345,-0.09148472159179546,-0.046757674194541965,-2.6624316756606903,0.4608705161256528,0.06803955560868984,0.604330256847839,0.01695422314493631,0.657675168789555,0.3602665874698917,0.7622513817734851,0.7802937214289192,0.6974308180528632,0.004560010721667464,0.18054950514810145,13.279121896450322,2018-02-01
136,2017-06-01,2018-11-01,0.7369089404140395,-0.0203849228747464,3.4254137828177287,-0.1419603603471168,-0.003689658501849421,-0.04413288852967035,-3.994336126754644,0.40689583750753866,0.07008082182520034,0.6366789551196483,0.012494149080169568,0.5673795658515608,0.24409063026303116,0.6894818763638377,0.9892510100009304,0.4725157546955512,0.005437355695002866,0.20678690039269354,12.229140250090705,2018-03-01
137,2017-07-01,2018-12-01,0.8693543745809362,-0.010236196848236541,3.587847651171894,-0.27279273448740315,-0.15364639722566248,-0.025409075703935767,-4.61772034686754,0.241882602319303,0.1233447204159234,0.5312788921583014,0.01656784706835826,0.510187953410921,0.6429274300277492,0.4106380499916642,0.6472286737548982,0.3597299106367874,0.17910332373632565,0.39437400277684864,8.122233214011567,2018-04-01
138,2017-08-01,2019-01-01,0.9122923523486696,-0.0048222157930795225,-0.15220514197043158,-0.5260192466512794,-0.1928933356482508,-0.021688230105119825,-0.9533108880529968,0.12180574131745432,0.10994202223462766,0.5064618747737004,0.004149201978877721,0.9764906964442016,0.8260937916321749,0.13973563368233785,0.5018432775024753,0.8379512317701477,0.2810689334121991,0.7091334166226597,8.341975786500093,2018-05-01
139,2017-09-01,2019-02-01,0.9001863155865593,-0.00914457410680053,0.6741420893191344,-0.10723350923110027,-0.1898598887505544,-0.021805494391877813,-1.0836561229500616,0.16446505132744452,0.15816508678319285,0.9350304527458381,0.0064800657994835,0.9378313139401376,0.6744859191628001,0.8505534888138888,0.5208454353958089,0.8885102136376609,0.30723625522179143,0.7682940167322316,12.537202754765193,2018-06-01
140,2017-10-01,2019-03-01,0.982270849599506,0.0033118550571157646,1.6621620946105886,0.14960822516430186,-0.21588133198817094,-0.011880473502340248,-1.9889002302611736,0.36331186447654096,0.2233568018518709,0.8774183771174952,0.0024226829073356274,0.8430108405777832,0.8014296596162168,0.6610837796350436,0.4672117822400874,0.7960413208917114,0.4737415167563562,0.3978742251182216,10.844843687064667,2018-07-01
141,2017-11-01,2019-04-01,0.9906586368282188,0.002513518749957507,0.534730437568974,0.06404953822939688,-0.25017300207327925,-0.01297691217543066,-1.4793310137160505,0.1549938926109504,0.186961949890062,0.8836136279784069,0.0016628137621541095,0.949399704764148,0.8373894755401621,0.8449817504557037,0.4063852308944831,0.8543628723876044,0.27505876178311395,0.6259777980497474,11.052367656307883,2018-08-01
142,2017-12-01,2019-05-01,0.9249986019941028,0.0011654631578337552,3.075220464306426,0.11623669124400693,-0.2398709474666161,-0.013239545846199977,-2.31132513848202,0.12951145494921315,0.08307573606668191,0.7251091873901971,0.0020208963958591886,0.7086899560528042,0.9213497645659744,0.7199974857226383,0.4052892672887216,0.7703544502946406,0.2410252532986837,0.6763139117787453,10.5263192486958,2018-09-01
143,2018-01-01,2019-06-01,0.9069616609122614,0.004277392822753809,1.7483072613006618,0.12726545625070085,-0.236700553430686,-0.013706430329103722,-2.8745750651715767,0.09171648716461993,0.06659783696210751,0.8789102138336993,0.002294360295436473,0.8285552203974353,0.7100500832280183,0.6836059847370517,0.4044464066784872,0.7091298290718433,0.2200526760588638,0.7623898371094964,13.345861334551516,2018-10-01
144,2018-02-01,2019-07-01,0.9427756078415308,0.0035264831363747257,0.4748463458204318,0.054183442701105165,-0.21792537441471066,-0.010806832250489527,-2.3258932887099983,0.14165015333230846,0.1945259736056272,0.7576514142802641,0.004038556594532778,0.9549885246053808,0.7848308009453726,0.8701168007035629,0.4647714768121896,0.7610510421563851,0.3471266650735946,0.6309931622919451,11.480466601712532,2018-11-01
145,2018-03-01,2019-08-01,0.9253127999935284,0.0027729381509066235,0.8685333799704453,0.05202420941633185,-0.22588352399657996,-0.011463554828043641,-3.350429461094535,0.07971063327708701,0.17758210707109556,0.6890207582929437,0.003595391348272821,0.9149017188971216,0.828818511792942,0.8739772704482831,0.4552919352156238,0.6650148143487261,0.34614177701444016,0.7978484113186037,11.820562445068214,2018-12-01
146,2018-04-01,2019-09-01,0.9362975299256806,0.0039162085084232315,0.8585078830437509,0.050455289225574,-0.18579681079522128,-0.00983122148612242,-3.4082746350579263,0.07738121074150549,0.3029102696881194,0.6819113388544322,0.003653339647056829,0.9157482395264488,0.7644049932200843,0.8781855772809386,0.5514783523229342,0.6645431005773282,0.4326602923790869,0.8063413642011222,11.490444874904885,2019-01-01
