,StartDate,EndDate,Date,const,szgrowth(-1)+,szgrowth(-1),const-p,szgrowth(-1)+p,szgrowth(-1)p,rsquared,rsquared_adj
0,2006-02-01,2007-07-01,2006-11-01,0.636448061239723,0.07480845967197594,-0.05742103604950928,5.714839841666189e-06,0.0690404340094751,0.11616186733153933,0.26276786650176376,0.164470248701999
1,2006-03-01,2007-08-01,2006-12-01,0.6489772546119531,0.07362099340652652,-0.05527224390588094,4.139087975296578e-06,0.06755867493300546,0.1228055082456761,0.2922497717053285,0.19788307459937238
2,2006-04-01,2007-09-01,2007-01-01,0.6689786903311776,0.07234592182715582,-0.05184194103977481,1.4345017304335733e-05,0.10132709942978388,0.18578361183655862,0.2871216232175151,0.19207117297985044
3,2006-05-01,2007-10-01,2007-02-01,0.7408625000660112,0.05660724711681006,-0.03969598737307327,1.9466873549378937e-05,0.23318754207130513,0.3449399852556748,0.17410382803485802,0.0639843384395058
4,2006-06-01,2007-11-01,2007-03-01,0.7185634781100857,0.061661548364524824,-0.043499007648834576,3.0918675050800216e-05,0.20625018560572245,0.3142055956204707,0.1887739594579042,0.08061048738562482
5,2006-07-01,2007-12-01,2007-04-01,0.7967257408870186,-0.012852618796823215,0.026852097852985965,1.4136886970094739e-05,0.6065526562208148,0.16243207556143371,0.30296165575360834,0.2100232098540895
6,2006-08-01,2008-01-01,2007-05-01,0.7861399153517978,-0.013004304892314467,0.026076823420487363,5.846367183667026e-05,0.6368562903422089,0.20958704556561622,0.2546903345429067,0.15531571248196097
7,2006-09-01,2008-02-01,2007-06-01,0.818649936530838,-0.012829714622658,0.02375212971533852,5.67311506878875e-05,0.602057626453862,0.15719050756034472,0.2759142718240555,0.17936950806726293
8,2006-10-01,2008-03-01,2007-07-01,0.8054313749818471,-0.011129457643357973,0.02342497652986981,5.4405732900964166e-05,0.6471230481915735,0.1629312666484446,0.28993291535048815,0.19525730406388664
9,2006-11-01,2008-04-01,2007-08-01,0.8205698440942731,-0.009974460446199311,0.02168852534781926,6.11848576617037e-05,0.656865468126286,0.1267953418308132,0.33157745761397805,0.24245445196250848
10,2006-12-01,2008-05-01,2007-09-01,0.7584729951934541,-0.0037050519560027084,0.01802432441075743,0.000282127826651498,0.8778652760683556,0.22962457929026683,0.29221766820162853,0.19784669062851235
11,2007-01-01,2008-06-01,2007-10-01,0.7416746651213535,-0.0011362021236378458,0.01823224788504137,0.00023514093347912413,0.9618293334058782,0.2204247021300668,0.33849810492002386,0.25029785224269374
12,2007-02-01,2008-07-01,2007-11-01,0.670018740677979,0.012720714877184208,0.0158562667260152,0.000843101897102086,0.6226805953734961,0.23483083914377212,0.44736925942314687,0.3736851606795665
13,2007-03-01,2008-08-01,2007-12-01,0.5444223451498384,0.028953033075938106,0.008438245378635386,0.005666490159944856,0.2938764178238601,0.5454936438872462,0.42470722661656823,0.34800152349877733
14,2007-04-01,2008-09-01,2008-01-01,0.44181653870300713,0.03959615861283542,0.0041891543563438265,0.01856351952606754,0.1459009417575187,0.7527134420963695,0.5004640662727178,0.4338592751090802
15,2007-05-01,2008-10-01,2008-02-01,0.37246505572240995,0.04645014775301296,0.0008015307644988253,0.036162480708863305,0.08798972551354398,0.9520865742204735,0.49753332622617186,0.43053776972299473
16,2007-06-01,2008-11-01,2008-03-01,0.42451070593689233,0.03324321186049564,0.011207445957922745,0.032624501737960394,0.28505817562380054,0.3989723751295726,0.4485810164913058,0.3750584853568132
17,2007-07-01,2008-12-01,2008-04-01,0.2992798944866145,0.03386206053474921,0.004096179168743773,0.2627052456540711,0.4377230333755442,0.8263871622983614,0.18519202259039969,0.07655095893578634
18,2007-08-01,2009-01-01,2008-05-01,0.0157191278512136,0.06993910687686315,-0.0077900450384401215,0.9467736960598414,0.08932814166436848,0.6470904689320063,0.3128901234127559,0.2212754732011234
19,2007-09-01,2009-02-01,2008-06-01,-0.0036334309512058016,0.054918802957269294,-0.008872594925278462,0.9897677149190816,0.2973702144983524,0.6605468937196497,0.10515012905346255,-0.014163187072742334
20,2007-10-01,2009-03-01,2008-07-01,0.20345826104982143,-0.018122194511425473,0.002711769190584211,0.4689262303782279,0.7687274357611069,0.8876816265549113,0.00793036196734187,-0.12434558977034582
21,2007-11-01,2009-04-01,2008-08-01,0.10804302920345714,-0.012352027616893479,-0.0026255998618751972,0.6166609906785666,0.7680890245356207,0.8623365346548701,0.04018916248378801,-0.08778561585170697
22,2007-12-01,2009-05-01,2008-09-01,0.154458620364666,-0.022841761795326352,-2.918904756888524e-05,0.4690720396771727,0.588770515452401,0.9984507751156918,0.055329040635828,-0.07062708727939482
23,2008-01-01,2009-06-01,2008-10-01,0.19385467641302162,-0.021476558222212547,0.0017981515022203534,0.39242653960013607,0.6352531840206259,0.9132618634935337,0.029721170516821993,-0.09964934008093507
24,2008-02-01,2009-07-01,2008-11-01,0.12444633903267219,0.001984861258188267,-0.002095690680940709,0.5989724675262847,0.9647754165690413,0.9045844490546463,0.0015677167222080124,-0.1315565877148308
25,2008-03-01,2009-08-01,2008-12-01,0.04292795232856761,0.02564692973190751,-0.0034720057455294604,0.8571520583256408,0.5470032376611291,0.8509249701515265,0.043822580453935944,-0.08366774215220585
26,2008-04-01,2009-09-01,2009-01-01,-0.0639707082076282,0.04972680326463056,-0.01731657584575389,0.8163621186217462,0.295334725827153,0.3645690669049556,0.0727881517350546,-0.0508400947002714
27,2008-05-01,2009-10-01,2009-02-01,0.03745439995312677,0.03561571820322147,-0.009706989656974566,0.8924159360490197,0.46707929020271965,0.6343692012574554,0.039398838509966394,-0.08868131635537146
28,2008-06-01,2009-11-01,2009-03-01,0.06654892985882599,0.03710475621888426,-0.008142494489013835,0.8229024024333697,0.47674668984867696,0.7083929252974446,0.04477704110728575,-0.08258602007840943
29,2008-07-01,2009-12-01,2009-04-01,0.09981876363061115,0.03785883180644945,-0.005169784095981585,0.7627824686681923,0.508514519570044,0.8245742770152886,0.05272552518217821,-0.07357773812686474
30,2008-08-01,2010-01-01,2009-05-01,0.31487251652546355,0.007847257097378508,0.006402342941742908,0.36864267682378427,0.8992010052109447,0.8143436334960408,0.024054777478896283,-0.10607125219058422
31,2008-09-01,2010-02-01,2009-06-01,0.4564431632640814,-0.009217040696035926,0.009517042770347655,0.23138786695069796,0.8896296308305686,0.7431076755109322,0.011643972449258966,-0.12013683122417307
32,2008-10-01,2010-03-01,2009-07-01,0.5220608876841726,-0.016998620363617874,0.011295748055480375,0.15128348507626022,0.7900424299654216,0.6949425307105199,0.011113550682187445,-0.12073797589352098
33,2008-11-01,2010-04-01,2009-08-01,0.6961773528326487,-0.04106453083102539,0.018354453837547986,0.06142686399790778,0.5197565331562695,0.5186992411435852,0.031242781667803143,-0.09792484744315644
34,2008-12-01,2010-05-01,2009-09-01,0.6041112399738813,-0.003341893388138957,-0.009751414412027377,0.08237247300483228,0.9606372671725432,0.7898076977985915,0.02243663443570021,-0.10790514763953984
35,2009-01-01,2010-06-01,2009-10-01,0.6064922608518993,0.0002905493394501496,-0.001621863193449185,0.052890947038158845,0.9961865531532506,0.959787759640639,0.0005409486843411804,-0.13272025815774668
36,2009-02-01,2010-07-01,2009-11-01,0.7522314824962792,-0.02789416558488771,0.011528368630404223,0.015101725264696067,0.626964584316969,0.6974294160590462,0.016401617809286506,-0.11474483314947537
37,2009-03-01,2010-08-01,2009-12-01,0.7664323036134777,-0.02218091814829484,0.012562058998055327,0.004899208699873427,0.6471335785570693,0.6178869054043452,0.017191559667877887,-0.11384956570973848
38,2009-04-01,2010-09-01,2010-01-01,0.812103638017757,-0.025973048354884076,0.01588651594754114,0.000941409508424041,0.534604108165398,0.4782223426715103,0.034117544330170224,-0.09466678309247367
39,2009-05-01,2010-10-01,2010-02-01,0.7355937287208996,-0.0010740438825415713,0.010317291772592697,0.0007427997945014152,0.9782277609891908,0.6120324919741226,0.0489923101412032,-0.07780871517330312
40,2009-06-01,2010-11-01,2010-03-01,0.7628829999441518,-0.010526493455316034,0.01230370203513243,0.0007363602626410106,0.7864653956289629,0.555630564587942,0.03529385873709123,-0.09333362676462986
41,2009-07-01,2010-12-01,2010-04-01,0.7318075173920673,-0.006834374775327223,0.012440451998938038,0.0010616333600182463,0.8621710440227403,0.5614815034785465,0.04612811877359779,-0.08105479872325572
42,2009-08-01,2011-01-01,2010-05-01,0.7272696386693975,-0.0056426499923669556,0.012103408361227327,0.0006241706051276545,0.8853008910758998,0.5617991198243324,0.044570078684502024,-0.08282057749089766
43,2009-09-01,2011-02-01,2010-06-01,0.7012438828369469,-0.0049805671375183595,0.010304889837559826,0.0007385147813970976,0.9105483011061447,0.6220340165903657,0.02838230523147478,-0.10116672073766186
44,2009-10-01,2011-03-01,2010-07-01,0.8118886718605645,-0.06861100912611806,0.05652313934721697,0.0001595416514005429,0.20343109905565804,0.08551059744889936,0.1974626759496203,0.09045769940956971
45,2009-11-01,2011-04-01,2010-08-01,0.7449689517025843,-0.05309731510204359,0.04802154266192079,0.00033534188985497157,0.322110013338213,0.1455602316610863,0.15258780723684606,0.03959951486842561
46,2009-12-01,2011-05-01,2010-09-01,0.6778301885770921,-0.04590320448067714,0.04036465842567128,0.0005384521101535593,0.39075475075638866,0.21575471360621507,0.1077756761016807,-0.011187567084761874
47,2010-01-01,2011-06-01,2010-10-01,0.6526619682809056,-0.0597479282615157,0.04257729336659144,0.00040635503137072775,0.24014363809043354,0.15913007344841465,0.12767747381374295,0.011367803655575326
48,2010-02-01,2011-07-01,2010-11-01,0.5091445936062595,-0.03355501170847651,0.023492629178060803,0.0006535849609748715,0.4189371805090534,0.34257769360136703,0.06029316443649302,-0.06500108030530782
49,2010-03-01,2011-08-01,2010-12-01,0.49207776372660367,-0.05485287081164761,0.046808764572113526,0.00017836714034726508,0.1478914201303918,0.055704074132790826,0.2286130384090408,0.1257614435302462
50,2010-04-01,2011-09-01,2011-01-01,0.4524808269991458,-0.05145013260621891,0.04535925191530799,0.00042652160995015377,0.1672617788741196,0.0586598857290661,0.22815506029174304,0.1252424016639755
51,2010-05-01,2011-10-01,2011-02-01,0.38707062104477946,-0.04727035886335373,0.043436619871077616,0.00041516283948151984,0.11859977395509241,0.024262276121802234,0.315620354927458,0.2243697355844524
52,2010-06-01,2011-11-01,2011-03-01,0.36052890961548245,-0.05760267654193961,0.048392091735077594,0.0010972960633016454,0.08240221446101481,0.02371739533809421,0.305601469785037,0.21301499908970867
53,2010-07-01,2011-12-01,2011-04-01,0.37562806883875416,-0.07870264349675814,0.06775585108378415,0.0009232886336298277,0.0335887971027536,0.00775160826598414,0.39821096157047164,0.3179724231132012
54,2010-08-01,2012-01-01,2011-05-01,0.37847957040694047,-0.08527757002864692,0.0740028918944669,0.0009622314044369488,0.028004521372967918,0.006567659323469066,0.4114104434537703,0.332931835914273
55,2010-09-01,2012-02-01,2011-06-01,0.348167288113896,-0.07965780182815249,0.06861875919992588,0.003185506260925744,0.06773813260675098,0.016259086115437076,0.34060353307798086,0.252684004155045
56,2010-10-01,2012-03-01,2011-07-01,0.29257588077646257,-0.07864835666000758,0.058744494013047946,0.027892205221427817,0.11795101408423661,0.06628471609057185,0.20839235244627097,0.10284466610577381
57,2010-11-01,2012-04-01,2011-08-01,0.24359110999824019,-0.06963170526544064,0.055441227539440446,0.06784089308462508,0.15266879066130143,0.06574667300952669,0.21879016114109884,0.11462884929324535
58,2010-12-01,2012-05-01,2011-09-01,0.39307591097077105,-0.18036508961442904,0.08118619593897322,0.0017814267087007058,0.0013835322192799317,0.002590535085594,0.5090528157584151,0.44359319119287044
59,2011-01-01,2012-06-01,2011-10-01,0.33837710756928063,-0.16896003472728915,0.08107410576008968,0.0023499148700462315,0.001176514137750224,0.0016671831412207803,0.5260767606340968,0.46288699538530975
60,2011-02-01,2012-07-01,2011-11-01,0.2518993319446551,-0.12905988039977692,0.059027915458247676,0.018103859778011037,0.007493628946487524,0.010535390217049523,0.3953453792506628,0.31472476315075126
61,2011-03-01,2012-08-01,2011-12-01,0.20451372919724561,-0.1098771442359411,0.049628280682903494,0.06145115328952286,0.02262421454675982,0.02841286942436601,0.30602411221405623,0.21349399384259704
62,2011-04-01,2012-09-01,2012-01-01,0.1739508074803619,-0.11629280669345801,0.044899291140631264,0.03132622106538251,0.002375741524579544,0.009874293909238621,0.473328993160835,0.4031061922489463
63,2011-05-01,2012-10-01,2012-02-01,0.12914434564874044,-0.10043890518782031,0.03707014589372864,0.08603250447394763,0.004890583720929652,0.021255836549103756,0.4297781264607363,0.3537485433221679
64,2011-06-01,2012-11-01,2012-03-01,0.13282665359943613,-0.10173755917782502,0.037613047436192995,0.08268188444469671,0.004957530082838911,0.02137205101997196,0.42934732148203836,0.3532602976796435
65,2011-07-01,2012-12-01,2012-04-01,0.15750198752201455,-0.10985130968329984,0.04066246213500541,0.07201959952456595,0.0075525574918156755,0.03103912192860033,0.4002238704121647,0.32025371980045336
66,2011-08-01,2013-01-01,2012-05-01,-0.04820817893644108,0.00987731109965801,0.0038143546504957777,0.6747557930571293,0.7972454734773988,0.8764872190462571,0.07120464148367522,-0.05263473965183474
67,2011-09-01,2013-02-01,2012-06-01,0.0349071070207641,-0.001654307674666091,0.01861152946915482,0.8313453750228672,0.9758394170755212,0.5888486250482905,0.11614128979241789,-0.0017065382352596803
68,2011-10-01,2013-03-01,2012-07-01,0.21202328140109883,-0.051815802458571744,0.047504761054788645,0.26317517859168604,0.41958327028845444,0.25125076886803815,0.11125859622184242,-0.007240257615245271
69,2011-11-01,2013-04-01,2012-08-01,0.19373473769902094,-0.020754175685114687,0.018639238405247675,0.385361261973018,0.7922091252144261,0.7187489527995858,0.011439586842900473,-0.12036846824471281
70,2011-12-01,2013-05-01,2012-09-01,0.3078414749751479,-0.04367590405310318,0.03329281539916637,0.19396415660881874,0.5970409759593243,0.5459070486455766,0.025340451046100276,-0.10461415548108643
71,2012-01-01,2013-06-01,2012-10-01,0.34183654444547473,-0.03578114341719464,0.030096367566576104,0.15344124393515118,0.6738417007713268,0.5981754734633495,0.02154610028347803,-0.10891441967872484
72,2012-02-01,2013-07-01,2012-11-01,0.23827763161346927,0.025968144198801276,-0.019284042480942808,0.24416728405863597,0.6780128046322853,0.6038314303838432,0.01876454379954129,-0.11206685036051978
73,2012-03-01,2013-08-01,2012-12-01,0.33152895699296536,0.008300670871625717,-0.006795337034913754,0.09870634157645632,0.890669677934648,0.851337843020061,0.002563957309247855,-0.1304275150495191
74,2012-04-01,2013-09-01,2013-01-01,0.3874363718471998,0.01305648634619776,0.0006920765060953495,0.04098959527050952,0.8152873273772376,0.9834747434804018,0.016160231055586394,-0.11501840480366865
75,2012-05-01,2013-10-01,2013-02-01,0.41064666683447093,0.02333037973951717,-0.010631291069494914,0.01770563865242464,0.6490474411130214,0.7317861505085572,0.014741698416587679,-0.11662607512786738
76,2012-06-01,2013-11-01,2013-03-01,0.4438429819840575,0.027127970856295296,-0.006439177137675002,0.004867629644070792,0.5538052484416356,0.817388633324922,0.04065951354893138,-0.08725255131121101
77,2012-07-01,2013-12-01,2013-04-01,0.4905629699761799,0.015264362997699447,-0.0016126316425383938,0.00197203975985845,0.7296165817592632,0.9515067541849332,0.021480889975623918,-0.10898832469429287
78,2012-08-01,2014-01-01,2013-05-01,0.48963674897218634,0.01926020354250048,-0.00549450964571322,0.0016080192461183022,0.6583380936057652,0.8354559484234616,0.020496707519762514,-0.11010373147760255
79,2012-09-01,2014-02-01,2013-06-01,0.49457805458871684,0.024525470372556098,-0.011367756368886643,0.0007941802535069844,0.5494126168469804,0.6514583209237257,0.025289560705334724,-0.10467183120062051
80,2012-10-01,2014-03-01,2013-07-01,0.50894502307483,0.024719361056847466,-0.014297382165276826,0.0002655386101195595,0.509827117824273,0.534336830549404,0.030430213742726253,-0.09884575775824356
81,2012-11-01,2014-04-01,2013-08-01,0.5030934677114671,0.02710039425989063,-0.013229794581686428,0.00027785930860549775,0.4685266645405759,0.5676560972723832,0.036015450899570034,-0.0925158223138205
82,2012-12-01,2014-05-01,2013-09-01,0.46487411459593536,0.03703209377733614,-0.01851388776472596,0.0011625331405217426,0.3656861879169857,0.46472334290791517,0.05511922930155244,-0.07086487345824044
83,2013-01-01,2014-06-01,2013-10-01,0.38164455591375573,0.05947922044130683,-0.0324032716905814,0.011786412867043235,0.21737343994947306,0.28204436659278903,0.09984504172434161,-0.020175619379079412
84,2013-02-01,2014-07-01,2013-11-01,0.1448474037089187,0.17743700322614508,-0.062240061079645206,0.39576036383618096,0.03756831631738529,0.09275906088323783,0.25851462588671803,0.1596499093382805
85,2013-03-01,2014-08-01,2013-12-01,0.27145905520037555,0.021513593832315978,-0.046286806808731,0.22129995612785233,0.8194306627500159,0.3213906803180924,0.10442475287922937,-0.014985280070206608
86,2013-04-01,2014-09-01,2014-01-01,0.06188092524589439,0.08172042957837186,-0.07006630257791994,0.7887754369210948,0.42117001331623616,0.1624037675688412,0.1352022804917199,0.019895917890615955
87,2013-05-01,2014-10-01,2014-02-01,0.06878071103265349,0.037596249708316466,-0.058433238639931176,0.7725213110865493,0.700201339338613,0.2609423958797524,0.11855663591384091,0.0010308540356863682
88,2013-06-01,2014-11-01,2014-03-01,-0.02783135466809407,0.0534604040802567,-0.061875583661803936,0.9065688697027866,0.5809719845427624,0.22585890013132012,0.11725885294468585,-0.0004399666626893062
89,2013-07-01,2014-12-01,2014-04-01,-0.014200574209440167,0.019225879611352498,-0.060400594410347744,0.9455475255203469,0.8018093127500794,0.1953995624058185,0.20091520461522816,0.09437056523059195
90,2013-08-01,2015-01-01,2014-05-01,-0.08728611065675357,0.09060967068762074,-0.11256960896268232,0.6673791541093974,0.4642103779061909,0.3142376871747042,0.1401501259814868,0.02550347611235171
91,2013-09-01,2015-02-01,2014-06-01,-0.21732938505824265,0.13174374981315387,-0.142841395123542,0.2704037873738244,0.2705046134958828,0.18558085883116607,0.15812973880537018,0.04588037064608619
92,2013-10-01,2015-03-01,2014-07-01,-0.26581359041321057,0.1433951957951072,-0.15718013708249728,0.12869909484617556,0.17623769403063344,0.10288363611777326,0.23160869519732652,0.12915652122363674
93,2013-11-01,2015-04-01,2014-08-01,-0.3472597365184326,0.17653470252605566,-0.18126705908119944,0.03621028075564405,0.06862358597781563,0.04113381597473086,0.29263790351464314,0.19832295731659555
94,2013-12-01,2015-05-01,2014-09-01,-0.4059679100193183,0.1815010580992193,-0.17554992273015896,0.013510809043454237,0.04862520254620512,0.03890265018264318,0.2615725397255543,0.16311554502229486
95,2014-01-01,2015-06-01,2014-10-01,-0.4375512024914581,0.1915025502725477,-0.1842210695629226,0.004806102066942991,0.025327982534860773,0.01991418896308772,0.3172873769661807,0.22625902722833813
96,2014-02-01,2015-07-01,2014-11-01,-0.40033393427508324,0.10335723769146272,-0.0988738851583368,0.009762174369239634,0.11074929480111206,0.08890148302879713,0.18467226272643888,0.07596189775663076
97,2014-03-01,2015-08-01,2014-12-01,-0.39376167029234954,0.048631768661541355,-0.04464254258945925,0.00848031774921687,0.17906528466226113,0.11991055394010168,0.15569020005344336,0.04311556006056916
98,2014-04-01,2015-09-01,2015-01-01,-0.4640433251330181,0.06087434171831781,-0.052266785621101916,0.0018194124358720772,0.0478054417877088,0.021426748204970304,0.30803822740052456,0.2157766577205945
99,2014-05-01,2015-10-01,2015-02-01,-0.49012795103858064,0.06787933836029122,-0.057333509994234144,0.0012460046778812479,0.029049760027930867,0.011697926733725562,0.35768330393738956,0.2720410777957082
100,2014-06-01,2015-11-01,2015-03-01,-0.5238174602727685,0.07805806284793029,-0.060112595218686005,0.001765149437302905,0.02169443617478104,0.013063997103185381,0.34571100175750724,0.25847246865850826
101,2014-07-01,2015-12-01,2015-04-01,-0.4432900376868685,0.06559716214906117,-0.05282369010079084,0.012536472099848475,0.07595153384157884,0.04371429689215008,0.24568243012680746,0.1451067541437151
102,2014-08-01,2016-01-01,2015-05-01,-0.3002536071728581,0.043043032658942326,-0.03987680893981873,0.09048510137084409,0.2544449400362114,0.13262668395827407,0.16092242864847073,0.04904541913493354
103,2014-09-01,2016-02-01,2015-06-01,-0.2359084646084835,0.034535748806255026,-0.03147675437063166,0.11129859618075776,0.1884252743585184,0.051372426321113905,0.2550676575231149,0.1557433451928636
104,2014-10-01,2016-03-01,2015-07-01,0.02776953115993197,-0.0002800314028148336,-0.016020834141158596,0.8596626711280033,0.9920917519712954,0.3473727710883838,0.19288274550282047,0.08526711156986322
105,2014-11-01,2016-04-01,2015-08-01,0.1127747463917567,0.0036971524188140334,-0.010311388520892596,0.5727464934407649,0.9161745047081491,0.6253976092159846,0.042110452031090206,-0.08560815436476443
106,2014-12-01,2016-05-01,2015-09-01,0.32790233169852445,-0.023271418688800862,0.002237528687203382,0.12898768164860133,0.5295540388010853,0.9197993429191125,0.07697013646465534,-0.04610051200672394
107,2015-01-01,2016-06-01,2015-10-01,0.4197250375678997,-0.03084695662814105,0.008214704218284378,0.04317687367795715,0.3862134054703157,0.7038377401608047,0.08095050515065916,-0.04158942749591965
108,2015-02-01,2016-07-01,2015-11-01,0.45429054303137334,-0.02595267201865757,0.010628720714396852,0.026016941379893167,0.4968921756181528,0.6209990733654325,0.031981082172936826,-0.09708810687067149
109,2015-03-01,2016-08-01,2015-12-01,0.6687322832248589,-0.056089784409466645,0.02473776067696761,0.001941880115537722,0.14138162197753557,0.23996294309855648,0.13864238088336756,0.023794698334483222
110,2015-04-01,2016-09-01,2016-01-01,0.8544078811151138,-0.07617671963576089,0.03756748287684979,0.0006787748324585198,0.07967802548596817,0.11791079908823272,0.19286741312912614,0.08524973487967635
111,2015-05-01,2016-10-01,2016-02-01,0.8799562650904725,-0.07115375121570523,0.03849306602209476,0.00033227913636673555,0.10366438030631484,0.10469035891397563,0.18253763126655687,0.07354264876876448
112,2015-06-01,2016-11-01,2016-03-01,0.8080809276069509,-0.04049622251214552,0.033366927722573686,0.0007549206358527259,0.4516375191852494,0.15188119810885828,0.14170481744730667,0.027265459773614276
113,2015-07-01,2016-12-01,2016-04-01,0.8298766502358832,-0.04407687907349635,0.034921395394597085,0.0004890437177998942,0.3985978060792178,0.12505464757539478,0.15884600658833226,0.04669214080010986
114,2015-08-01,2017-01-01,2016-05-01,0.8182948912993732,-0.04028911533361204,0.032636847700703256,0.00048385715345706403,0.4358123544272673,0.15037987011874582,0.14118927999334063,0.026681183992452784
115,2015-09-01,2017-02-01,2016-06-01,0.7768032990778205,-0.0301664670295027,0.02546822186488664,0.0006494154237871352,0.5673181971288568,0.29649346221979905,0.07648179230859398,-0.04665396871692673
116,2015-10-01,2017-03-01,2016-07-01,0.7857426244458647,-0.026093814635621163,0.020727220871008274,0.00044664267921004245,0.6213004362374579,0.42235530214158834,0.044265164688892966,-0.08316614668592126
117,2015-11-01,2017-04-01,2016-08-01,0.8159155901983584,-0.027543854610572634,0.01797303841390077,0.00017406777185654507,0.5806675623668477,0.46642561521248216,0.03611129302636551,-0.09240720123678581
118,2015-12-01,2017-05-01,2016-09-01,0.7717856992287491,0.008695605355724445,0.015165887498979942,0.00014477023141490914,0.8712569262686191,0.5159634502939726,0.06580046311092758,-0.058759475140948814
119,2016-01-01,2017-06-01,2016-10-01,0.8090460677254941,0.005283038971453685,0.01779056505524037,4.422657554337549e-05,0.9162863441655762,0.4244646173065866,0.08406900635202341,-0.03805512613437334
120,2016-02-01,2017-07-01,2016-11-01,0.8211611915765259,0.006370728467094897,0.018628689127335916,2.3890010109367767e-05,0.8950419370315847,0.38475197994453236,0.10035629366998988,-0.019596200507344674
121,2016-03-01,2017-08-01,2016-12-01,0.7910733540849939,-0.0007774384482196611,0.022489169746970253,0.0007236004650466735,0.9952593370444235,0.8266514145299848,0.03249369446284445,-0.09650714627544299
122,2016-04-01,2017-09-01,2017-01-01,0.7224680760614349,0.015508386237659405,0.00987270203348281,0.0019540632859871526,0.9094455964488436,0.9265738648927466,0.028540114058431265,-0.1009878707337779
123,2016-05-01,2017-10-01,2017-02-01,0.8323712191660712,-0.10531712318922881,0.05358002367102227,0.0027291417260422507,0.5825811490211531,0.6493912452053638,0.02166864704910043,-0.10877553334435275
124,2016-06-01,2017-11-01,2017-03-01,0.7779753065048391,-0.10028997867011398,0.06236755203565823,0.003021720389878866,0.5867285374262585,0.5877845512683204,0.021031077282749555,-0.10949811241288376
125,2016-07-01,2017-12-01,2017-04-01,0.7495043922160176,-0.08327271266616912,0.05494452244657866,0.0056745170520136915,0.6590646047005402,0.6298824978072254,0.015877565237307323,-0.11533875939771843
126,2016-08-01,2018-01-01,2017-05-01,0.6285297511734436,-0.003436889039635453,0.013998434006507514,0.015561955701823523,0.9853604804597825,0.9024501872660591,0.004841906010318309,-0.12784583985497266
127,2016-09-01,2018-02-01,2017-06-01,0.5939487911899766,-0.013642576612977741,0.001533045742514269,0.012799131009481893,0.9328326984677161,0.98836097477434,0.0024984026844370177,-0.1305018102909714
128,2016-10-01,2018-03-01,2017-07-01,0.6132560830730566,-0.08296689030084567,0.014359157636395632,4.09520294022203e-05,0.25018243907965504,0.7163414614004961,0.18517676062381017,0.0765336620403182
129,2016-11-01,2018-04-01,2017-08-01,0.5847782530628282,-0.08138761077421458,0.02100501332884961,9.327682649603246e-06,0.17827152595351486,0.523127478484154,0.18746233465050277,0.0791239792705698
130,2016-12-01,2018-05-01,2017-09-01,0.5933165888458076,-0.08552892088775993,0.016737002215786115,8.202867183013029e-06,0.16449056930625994,0.6115955031343862,0.23377201306631556,0.13160828147515768
131,2017-01-01,2018-06-01,2017-10-01,0.6950690942701936,-0.13903014912796863,0.04371104699416056,1.3426427818425878e-05,0.09594636402320385,0.29678796487138537,0.20008879099876176,0.09343396313192998
132,2017-02-01,2018-07-01,2017-11-01,0.6017834718147059,-0.018178393788696512,-0.04700328568728353,7.536064870979778e-05,0.8084993141204984,0.1817913068173629,0.3094994521136084,0.21743271239542283
133,2017-03-01,2018-08-01,2017-12-01,0.6928957507926534,-0.04672168815815857,-0.02849443563728192,0.00010510991486725847,0.6059675997261895,0.4914717030939696,0.18604800808893251,0.07752107583412349
134,2017-04-01,2018-09-01,2018-01-01,0.6841863807639026,-0.06217088728520882,-0.028088372673043545,8.355898916754071e-05,0.4765951548053312,0.4576328681120315,0.23856167190113742,0.13703656148795573
135,2017-05-01,2018-10-01,2018-02-01,0.6789757785531234,-0.022491661055735898,-0.0292226892129043,0.00039562210256831776,0.8125661684108977,0.4910366941413369,0.1316657107001663,0.01588780546018853
136,2017-06-01,2018-11-01,2018-03-01,0.6808458062188105,-0.024202942737224953,-0.028086283937217724,0.0004474913647228474,0.7915247658928459,0.4499623761289355,0.14563134039924253,0.0317155191191415
137,2017-07-01,2018-12-01,2018-04-01,0.6824818756216258,-0.025014296667771253,-0.027777883901520833,0.00038027807646638325,0.782006415005633,0.4490359722408519,0.1451786421771154,0.031202461134064108
138,2017-08-01,2019-01-01,2018-05-01,0.6689364194434566,-0.02115106606916342,-0.026046764681001908,0.0004954095472562472,0.8178630783928433,0.4842627626115209,0.11864203647813032,0.001127641341881036
139,2017-09-01,2019-02-01,2018-06-01,0.6860481924745035,-0.010839690997149754,-0.023023203898792803,0.00030004687406285854,0.8993168085770599,0.5222589573382812,0.08938101949602073,-0.032034844571176446
140,2017-10-01,2019-03-01,2018-07-01,0.6925097296442072,0.012512866139067505,-0.02188148408146858,4.97001033351365e-05,0.7973820449974582,0.49584781533380073,0.05996336899010757,-0.065374848477878
141,2017-11-01,2019-04-01,2018-08-01,0.7395372955087679,-0.0009106121485573382,-0.014161236815147915,2.832659608643537e-05,0.9850003879879305,0.6523888313203052,0.06301884925521706,-0.061911970844087394
142,2017-12-01,2019-05-01,2018-09-01,0.7580313484193004,-0.005416980493859497,-0.010769791620500527,1.5931508298552443e-05,0.9084529196819846,0.7269910479070777,0.05895624986777004,-0.06651625014986062
143,2018-01-01,2019-06-01,2018-10-01,0.7707993696330916,-0.01112608222139258,-0.006606138102405214,1.786383114610112e-05,0.8119093284260703,0.8245443583071231,0.05605153103917271,-0.06980826482227087
144,2018-02-01,2019-07-01,2018-11-01,0.8210633088234675,-0.026473975387272308,0.001475798178689182,7.373732603093674e-06,0.5656286873051322,0.9590096442091111,0.08217414942293622,-0.04020263065400553
145,2018-03-01,2019-08-01,2018-12-01,0.8266409254470886,-0.02018749946184721,0.003441425814898369,2.102230146231524e-06,0.6325767733068753,0.897391861431558,0.038928676099121096,-0.08921416708766272
146,2018-04-01,2019-09-01,2019-01-01,0.7849862996164038,-0.000780238866090105,-0.010935991965172177,2.4091985553928955e-06,0.9852971199538828,0.6942869671938225,0.047749621900638584,-0.07921709517927633
