,StartDate,EndDate,HP-HP(-1),HP-SZ(-1),HP-HP(-2),HP-SZ(-2),SZ-HP(-1),SZ-SZ(-1),SZ-HP(-2),SZ-SZ(-2),HP-const-p,SZ-const-p,HP-HP(-1)-p,SZ-HP(-1)-p,HP-SZ(-1)-p,SZ-SZ(-1)-p,HP-HP(-2)-p,SZ-HP(-2)-p,HP-SZ(-2)-p,SZ-SZ(-2)-p
0,2006-01-01,2007-06-01,0.6135016039147722,0.01154427424660458,27.110235556398656,0.3488767851229903,0.05391646851523644,-0.004608885740978799,-24.64914698679496,-0.8282060114235044,0.18286914068351823,0.19445719811960238,0.045066803458890164,0.017402963317202248,0.06307149218557095,0.13145208067042127,0.8696478083397718,0.043936549220470925,0.506746689805115,0.0013565305952959266
1,2006-02-01,2007-07-01,0.4484519734590093,0.006091692623815247,19.191160281027926,0.08220794425063636,0.404402139935695,-0.004477534639336404,-7.318262777267923,-0.8267763945362306,0.3944320713949202,0.5310409345411085,0.18210594672150493,0.15525030112785296,0.32261884759431103,0.7397164212307576,0.1633237516697561,0.5300826530062236,0.5688819672637948,0.008836812003935952
2,2006-03-01,2007-08-01,0.3423160115333673,0.005190560123125382,12.430691129524682,0.054316664664997814,0.42650324915769655,-0.0019833248349501826,-4.933976038337909,-0.6259008801389111,0.262189001774377,0.4252664940523109,0.2354391163070204,0.29892109905282394,0.40299269132539994,0.8328945436221957,0.1383594725471384,0.6793695996566722,0.7487432933464175,0.014810316799403344
3,2006-04-01,2007-09-01,0.30015393839162285,0.006539727636807292,12.47333712026968,0.057979254978269196,0.5658909098268005,-0.00013804320352699416,-3.3581444280193544,-0.599293341616899,0.5618143157133859,0.5628969771425527,0.3179816961302919,0.2925196954157844,0.3050271034923161,0.8175799315515971,0.04408770438150246,0.7618609859265737,0.9829103734930308,0.01833673592048245
4,2006-05-01,2007-10-01,0.32688471923251694,0.005878566800379367,11.43904394732928,0.09769599131202533,0.5825304630988571,-0.00028977689783402235,-4.946344810790296,-0.5836888540527373,0.6704095490454696,0.3993777682420041,0.21221322258893804,0.2620012900933062,0.3501396935317792,0.689922229051418,0.04232120890894476,0.6577935609480474,0.9641415106597131,0.019979725291417033
5,2006-06-01,2007-11-01,0.3440470573682187,0.0062571772306941435,12.016174605357055,0.10619225311723528,0.1570363809109608,0.005162999675912364,-20.012828977951372,-0.38641164855070614,0.16124489144886078,0.08527884644606779,0.3315204748645072,0.3597854518028233,0.4680561996942202,0.7394869563962799,0.6554180700653152,0.12463463953345974,0.5548620675017725,0.23274451543301167
6,2006-07-01,2007-12-01,0.5187519006206089,0.011050516258617584,6.244283638768618,-0.0613139856763172,-0.057608662493722644,0.004002818230811103,-14.690745764863427,-0.3929987486536314,0.21747381453849546,0.05436656820241113,0.13874485012189317,0.611263630104468,0.18436919198559742,0.8336164444100677,0.8638692764765192,0.21239926382506202,0.6705967805930831,0.23364526556163
7,2006-08-01,2008-01-01,0.5140884505516758,0.010480979001743449,17.21403905648148,-0.1958613430132055,-0.08501843614776378,0.003693243099875308,-18.357279304946875,-0.060000674220755265,0.1453753391624911,0.40774494928440796,0.10827485327520937,0.21724300698484933,0.19559396893151226,0.5789422375189943,0.7976074527122581,0.2039042079053972,0.6610632731663182,0.8701739076661382
8,2006-09-01,2008-02-01,0.5303222518974207,0.010039950299721384,15.692778187896383,-0.03138915865476187,-0.09088683757210379,0.003689634474291607,-10.916952425480257,-0.1037876460726885,0.10036083987030038,0.786210760216631,0.10112652178621073,0.2844455387414093,0.15162033618466833,0.9212102354710668,0.7441826717051488,0.3871279524537058,0.6586185397371133,0.7839150870680621
9,2006-10-01,2008-03-01,0.5011572148637822,0.010460802298363096,11.612800336534386,0.034726189957260574,-0.02767120057717067,0.005324938874526795,-2.8522203354580165,0.15630915811573862,0.16918788944822438,0.6850730650088988,0.12091956701741642,0.4671425296809253,0.13420848766611781,0.9198709542568391,0.9233465664629751,0.8409581483438461,0.4811336454468109,0.6756483986334685
10,2006-11-01,2008-04-01,0.5026910125605532,0.010227312941957936,10.593591065175767,-0.13705519226576426,-0.08185207941522381,0.005301751078378658,0.28799202131722423,0.15050572580915034,0.08105878712623762,0.50741513272484,0.1130302613879158,0.4536910750875536,0.11571933513266193,0.6362533708258205,0.7738504008725389,0.9819032678252041,0.47497802889977625,0.649099508487321
11,2006-12-01,2008-05-01,0.35865271795377185,0.013458336703964674,15.403422660331982,-0.2750579423100591,-0.03983360767970237,0.00909545815698884,-0.004331380985927097,0.06941772793183847,0.07602634197273489,0.3722768092688322,0.3366263587352035,0.3514170571770381,0.11362893398358073,0.4653031306886557,0.8860546429688196,0.9997192620325077,0.24381030667066672,0.840802991806107
12,2007-01-01,2008-06-01,0.3157627897910788,0.015710583844725026,20.94245122373101,-0.34026169869874373,-0.10638470174495977,0.013461662440109639,2.4255927342412646,-0.10400313648650013,0.03946318319690963,0.18055776577548288,0.38076844439347546,0.23369006818481475,0.06795165475393651,0.4179989903728264,0.7032947297684036,0.8587964140664418,0.1368281736463525,0.8138447038525886
13,2007-02-01,2008-07-01,0.33938668509776015,0.015159356492532068,21.96258497979228,-0.3698681827385652,-0.12181333008953327,0.013027577666503865,1.873051543373821,-0.12484307145529358,0.0340467537021,0.15123616943775606,0.2916509815765985,0.18593064355500777,0.03533688748553835,0.31960806889200233,0.6349797663763913,0.887482031069124,0.10783418370569503,0.7651791243075744
14,2007-03-01,2008-08-01,0.34840638690245984,0.014535005907248887,15.915202180233608,-0.3756354281389271,-0.1201527421667874,0.01433376580715527,5.549812538431737,-0.05937076042398302,0.04511626122257572,0.12185669642727591,0.3045757892621137,0.3167928788054344,0.045867587051480606,0.27071490344554683,0.653264341865837,0.6578254505927666,0.077948664583477,0.8761526771545868
15,2007-04-01,2008-09-01,0.4289855065411977,0.012576304664520184,17.229028766322113,-0.49593856458697577,-0.11223431221604392,0.012100539034445934,4.001948253840292,-0.0927295748175684,0.06535294734121579,0.07854902189718982,0.19843972090212758,0.25668446640477416,0.1155801824509651,0.17295745701869303,0.6729311465146488,0.7409817567688008,0.12613490927681092,0.7968644541637219
16,2007-05-01,2008-10-01,0.4701502945072292,0.01347555119527075,18.86707116580813,-0.4738888025169638,-0.12333945103413933,0.015082242410946505,4.541725286863127,0.019854312293944375,0.053057253904338283,0.053988882555949844,0.14579947150960734,0.21731848591216818,0.08294004006285752,0.19749024654933756,0.6277527331910764,0.7058906659240187,0.060221334940292054,0.9583022381269677
17,2007-06-01,2008-11-01,0.46450171634525494,0.0204869330254395,18.35481283576914,-0.4847777289434357,-0.3415577064136473,0.01774794986448972,-0.046220338345447524,0.06408433647814703,0.002374498531602584,0.12819476332149815,0.06719845776947937,0.2369040656078858,0.0008176014452990404,0.19529689026479335,0.10972374018692438,0.997175923537305,0.0052643518140058215,0.8691271497065942
18,2007-07-01,2008-12-01,0.8605493150423207,0.010919593944308267,-6.7831797646875325,-0.24313931404760292,-0.38527341036133494,0.014678392337363538,5.964720025401207,0.39565048480667875,0.2091691388354976,0.5197742054200198,0.00954364934734372,0.6142631145175861,0.13189813663437608,0.4079088620026132,0.19289206292760708,0.6189910505077418,0.1019376358868656,0.2768061035300553
19,2007-08-01,2009-01-01,1.0592604312413605,0.0023397006271147196,-8.827415348239626,-0.3099306929376257,-0.4203176738407611,0.00493047386895907,4.126362494518092,0.388366045840156,0.5318826142322979,0.40171100506321544,5.726598887700054e-06,0.390511834004466,0.705267091333446,0.2551030156773273,0.11088063833395498,0.7222057550386145,0.4057322095887833,0.1368563331501959
20,2007-09-01,2009-02-01,0.9966865504739699,-0.0015253004802702208,-19.959922038752538,-0.466647015655835,-0.2556557999461372,0.0017002956991272512,7.381437047459059,0.18956752947276406,0.7555247443612324,0.12089702503399295,0.00047130019503777984,0.041430083915443956,0.8171398167378914,0.03938956079765592,0.33053300049598433,0.41326928835609267,0.7996429248194422,0.4098981389035039
21,2007-10-01,2009-03-01,1.2388212965742194,0.014678910940285082,-23.19614081670573,-0.5394475879072456,-0.2124527093561599,0.016239673939315163,5.0798746228779414,0.17439113545505738,0.07317810617939682,0.17873884199786527,3.1715312619228194e-06,0.03284303870912839,0.05275935727879637,0.08167056150113086,0.34900564390631883,0.5838780945500561,0.015444509464304685,0.5246967884614393
22,2007-11-01,2009-04-01,0.8918552291011728,0.016948118989528818,-10.189614579834249,-0.5298941706535097,0.39774903734122213,0.023801871857853575,-14.58436762126087,0.01514946822715438,0.003324282080335505,0.16621443561347893,5.651018110538629e-07,0.2603098218820006,0.001815891673665741,0.05480973801937434,0.06771459752139919,0.187086765465176,2.9845960948523814e-05,0.9582670219746998
23,2007-12-01,2009-05-01,0.9829055189141434,0.013372290188254357,-9.282680174612423,-0.37902323679043565,0.21694003322615016,0.022611635787276124,-11.344979270718445,0.20007197025948864,0.0026063981669404487,0.42486078056279997,1.015372701731477e-08,0.36145246162531075,0.006376561116876207,0.19213681907226698,0.3321043306563952,0.39219877121018465,2.2021249221549e-07,0.43928164849959417
24,2008-01-01,2009-06-01,0.876119409527649,0.01124681714838689,-0.05780363838502932,-0.2533655856281774,0.2428928427914766,0.020854967233839675,-14.649599771313724,0.33921396667705994,0.018501472841761332,0.9393731166150631,2.0936322919366623e-06,0.9959831839080939,0.0400154974422022,0.456824456423917,0.342586718097739,0.3572278506003107,8.67814140387505e-06,0.2445961345034221
25,2008-02-01,2009-07-01,0.9122085456645522,0.0065691338249695835,-2.3049405551630104,0.08938119291663063,0.05909933374100255,0.018308978339131966,-1.4155452751498985,0.5108176825203379,0.08128573139562732,0.4553642183324126,2.528388891314846e-06,0.8493219552253483,0.15037845022356636,0.7545398461678273,0.7942549241226464,0.9205003340172678,3.582674679534774e-05,0.06542666846173754
26,2008-03-01,2009-08-01,0.923722394010374,0.006324544618853622,-0.30084610360036984,-0.08129614051034029,-0.02729383615478911,0.016330207183433306,-11.601395939764677,0.28875687009226214,0.19319701290057156,0.9374618565644854,1.178778282231713e-06,0.9823481561130976,0.1399324415089145,0.7908147809738166,0.8956389126640574,0.4356933130590863,4.95910893576513e-05,0.3158347771138076
27,2008-04-01,2009-09-01,0.862125266513489,0.006168680583039229,-0.13221639973451102,-0.1471800468699073,-0.002860605042521655,0.01831072623996992,-11.315968331759816,0.37186046754589785,0.26869986997350315,0.9250292405549323,1.1525017851814963e-06,0.9922772953292117,0.0941447841438991,0.6042718516964258,0.9882554091017863,0.4498726380893957,4.16682603400983e-06,0.22512564789392653
28,2008-05-01,2009-10-01,0.8955648109587795,0.007205049205270299,0.3229488101088231,-0.07509524435468352,0.028344067883740852,0.015965177207306277,-4.935988097686617,0.2514465546221944,0.22924938830510877,0.5312721050138862,3.572006808494739e-06,0.9811241898221903,0.06835394984353749,0.7879943537038978,0.8953822120666289,0.7458157376540258,6.910602615607947e-05,0.37497595361698066
29,2008-06-01,2009-11-01,0.8572211088770516,0.008435318940215705,-1.725190611501123,-0.011826443485834373,0.09247073523973307,0.01676757790751154,-1.414539935227661,0.29441322845799694,0.2227532513139462,0.5067982701823931,1.0876086474256708e-05,0.8997253499776823,0.047934710494377496,0.9685154476578473,0.6520649540801603,0.921795355572097,3.2826950009298707e-05,0.2993307769293295
30,2008-07-01,2009-12-01,0.8701578665414839,0.008378063156943654,-2.344170141691011,-0.003714146305104465,0.07607762046194977,0.017945910539134684,-0.27680669363909555,0.21322093068843317,0.29109858475775996,0.39332907319034804,3.4721912700707182e-06,0.8585458134686905,0.042801831468494596,0.9897858936686416,0.7048386589055359,0.9843240784596062,1.822712863226385e-05,0.4679093414156579
31,2008-08-01,2010-01-01,0.8955275120489787,0.00934045537536398,-4.024599615340734,-0.06491335612473872,0.07408289948171036,0.018069342173696545,-0.20986099945227973,0.2040320820255099,0.39970093669233653,0.33995698947861797,1.8774587037726698e-06,0.7609493146100251,0.03132429206447219,0.8317054180535408,0.7128924832817148,0.9881873075995958,1.5670374766273242e-05,0.48850530938219616
32,2008-09-01,2010-02-01,0.7735470979140199,0.012408091637483219,1.82391296911237,-0.22376942106276065,0.14678832188115085,0.02034196212701398,-6.963495403251552,-0.06627775114702328,0.7507691228133995,0.032261106079822806,0.0003269012092168282,0.8526820745016334,0.012909408958243869,0.3256958831633797,0.5360725644777431,0.5199539505736321,9.613621034623934e-05,0.7805979344308962
33,2008-10-01,2010-03-01,0.7959681579583935,0.011012218452494395,0.46047418641972,-0.2874128317372902,0.11013751793551604,0.019996553777008475,-5.4686726109610175,-0.09193907090968095,0.69003681519003,0.03928538107781788,4.532437390178629e-05,0.958738987301746,0.09357331332372759,0.33723960199120095,0.5886337763188058,0.5559854103972315,0.0002026889423480963,0.7079625368875657
34,2008-11-01,2010-04-01,0.7045758307151412,0.010954796170189704,-0.6138381564062915,-0.3164716021517156,0.19098974645655004,0.01669700086232293,-6.406890865548378,-0.32508889232739246,0.34457147219326334,0.014388940521381215,0.0004254196091985904,0.9431515286665028,0.10125065945757952,0.2714650856858728,0.34319301452191453,0.4601607748077905,0.011813233778479577,0.25486729473533454
35,2008-12-01,2010-05-01,0.39232832007879537,0.01329482302035007,-5.252749997926757,-0.20506326587280435,0.42884041331069683,0.019915454383137958,-2.447092275298973,-0.2589773910977077,0.3351459066171336,0.07688646982764664,0.16022002056430318,0.6424032331243448,0.08269074221370502,0.5086078654160413,0.08620261963641782,0.8089394565729959,0.008927925951913239,0.40105849126050874
36,2009-01-01,2010-06-01,0.5312782536458782,0.015275702432744905,0.927786341609656,-0.11205102063063511,0.23790172124595,0.017974648212364063,-9.669171471421548,-0.30015629727703397,0.2728783117923532,0.10998822585230549,0.020025319882715678,0.9227834526120782,0.032441718978710656,0.7080988060831511,0.2770085518506632,0.29172277304481264,0.022511398349699157,0.36323333233088617
37,2009-02-01,2010-07-01,0.5904941347588836,0.016104890581313747,2.721472040896643,-0.11527567815414164,0.23262827230640815,0.018116033379478143,-9.99738245150046,-0.3412378225048386,0.5326503985899194,0.2037770485023982,0.017247468103584976,0.7927237960847873,0.017620308714468024,0.6841863226073073,0.2864266646869359,0.27271046128800513,0.015883314286174434,0.2767790817903556
38,2009-03-01,2010-08-01,0.6018997084417484,0.016573118284116502,5.572881693206864,-0.12380293736733627,0.1624109226904779,0.017078035609930077,-13.436730391230245,-0.34296584632360655,0.32020836357682525,0.20531766366805226,0.012503065851928081,0.5842501662193126,0.01301686701516041,0.6607005103070434,0.5176499765381315,0.20532073089574854,0.021673249028834832,0.2752475812967524
39,2009-04-01,2010-09-01,0.6131971323374837,0.015887396275228664,6.6385840018584465,-0.10735634329694178,0.12988418989692413,0.016697364965566206,-12.013204094966284,-0.39820626423738653,0.24866435680481935,0.37449392990792785,0.013528156999286417,0.5206910222461301,0.01771603905898734,0.7002582219391695,0.6011712920444466,0.24545951203511585,0.03255888571103115,0.2207269516768997
40,2009-05-01,2010-10-01,0.6602664554693563,0.01595369241236801,5.914790625469791,-0.13421855704004587,0.06192352918988503,0.01588224972754595,-11.142418968939719,-0.40597245023885914,0.17361797800203826,0.3825867314762842,0.007907256814236428,0.5650863625669895,0.01675165778762298,0.6265348572027805,0.8019090563232165,0.2750430284155112,0.0374749667131089,0.19847427388250305
41,2009-06-01,2010-11-01,0.6449349248610594,0.014759706792226558,7.518270454896593,-0.3432231287670236,0.08544588271571973,0.016853344722048778,-12.480175339775066,-0.5230261740328656,0.24011872870012507,0.44978515986859047,0.014761948855929298,0.366826452050685,0.038486632683532945,0.1264960564607452,0.7446664147316122,0.1309603439156067,0.040718900699635505,0.04375962973582511
42,2009-07-01,2010-12-01,0.7169649147686974,0.019391972724067976,4.952183714431443,-0.13979556408157817,0.05425617759620063,0.016332675997420734,-9.644895253611784,-0.2947442958906996,0.34033945150994227,0.27130262305786623,0.005452311023787178,0.47271010743955366,0.019300402884635328,0.5280612570223392,0.8372709941294536,0.17199086228883098,0.0540074854410011,0.19333816424967476
43,2009-08-01,2011-01-01,0.6658731251678649,0.027013450093774836,5.039415358410688,0.00975294554413086,0.061323165822684794,0.01171323609073191,-9.209130621647484,-0.33733581039984045,0.22869509598576354,0.37000186140625024,0.009993232573823596,0.4505776162130819,0.008927294898810953,0.9708573783100182,0.817765713905996,0.1805510162821894,0.18240220055384182,0.137268073152618
44,2009-09-01,2011-02-01,0.5198279335340426,0.026587315391619647,4.325494172906752,-0.001526911724405484,0.19309929653498986,0.01913213527196322,-8.769941416763498,-0.28410681053292003,0.26211168738517265,0.341118528296386,0.06180677143419166,0.5463464996674595,0.010760938663461877,0.9954637771396562,0.45928066376805377,0.19202552907009462,0.12814751657823215,0.3804975157728171
45,2009-10-01,2011-03-01,0.5697576094278295,0.024789912613142458,5.5173395986337495,-0.12375909595308798,0.1439065190867029,0.017752282887436042,-11.039565184525841,-0.3772749177873954,0.30449235401039154,0.23963302413340914,0.040465394232228544,0.3826893583926263,0.024519318888497642,0.6213385062747725,0.5916402128190448,0.07020105236695487,0.17128241529258137,0.20082945807623998
46,2009-11-01,2011-04-01,0.5799487503372491,0.023325573532385274,4.559974866626492,-0.21026131692251504,0.13710698151241366,0.015062463941530083,-11.100498913511288,-0.4340543974067438,0.3756379568923057,0.1735283222968469,0.0404008112367099,0.44710889227694817,0.04763121005828537,0.399650655870485,0.6147446334242725,0.054565492091748956,0.25263168181089435,0.11991065255079056
47,2009-12-01,2011-05-01,0.5181517665731529,0.01884505615051483,6.095003901496697,-0.1566042751032975,0.09310200453080887,0.010063032774796917,-10.896277343983922,-0.41965927901297867,0.23821202050464463,0.34784342342046404,0.04561630680196928,0.32849751041933295,0.08776439901174878,0.5554531945338588,0.7073389977867393,0.06785341564119415,0.40820392096948,0.15176069994678176
48,2010-01-01,2011-06-01,0.4511823396797821,0.020579604584548713,3.35339514523705,-0.0973524944766373,0.11020874725301233,0.01031453772132673,-10.248130320016395,-0.40963778480498053,0.18560640161692987,0.22148381956298735,0.12030945364144582,0.62447455661357,0.05631791990521891,0.7018826506910911,0.6557713347674856,0.07885645869043854,0.3918956732207701,0.1494106285210245
49,2010-02-01,2011-07-01,0.44158938248305096,0.01951542602601434,2.189308569304406,-0.21109595453414157,0.08431269206987695,0.012499596002612735,-13.63988270902592,-0.22459670291143954,0.18938810720357901,0.07875545644854776,0.1307328974397858,0.726717366259543,0.08035202308099829,0.37759937989885706,0.7520178758443208,0.01710090040384511,0.29944405592843193,0.3844589247229312
50,2010-03-01,2011-08-01,0.46258204959773314,0.014185890116051939,3.6976072181323594,-0.15368411230491386,-0.12701397855853838,0.008077552629504074,-12.332588455230917,-0.2576697153637105,0.03492671021749335,0.27557973431013416,0.04313634902394109,0.5850614337961565,0.11811249936536114,0.567441455403342,0.5762490764210054,0.06683137215150563,0.4003788877556703,0.3649089581102789
51,2010-04-01,2011-09-01,0.6439183044102618,0.012340826099645614,17.765458702917844,-0.24579052179698713,-0.1545832462255699,0.006420745002192589,-13.573270785406274,-0.373689779913709,0.08807169120756307,0.6414883150200636,0.02575551823223147,0.027543731379860954,0.17661625881512555,0.33503577203518464,0.4894087499844192,0.02969466903344364,0.5023977402644817,0.16202459574587247
52,2010-05-01,2011-10-01,0.6453991952123304,0.01727332105952646,16.685594533915907,-0.3791790476678997,-0.12749848821551202,0.00931063902353589,-8.93172168349411,-0.4511584245371376,0.18470731997226952,0.39817871691049955,0.03594347096988073,0.02972611395304126,0.07719695960456663,0.11995006482867905,0.6546677977471693,0.20911425700261366,0.359218557305654,0.07493847296601655
53,2010-06-01,2011-11-01,0.697970870632827,0.015721309595102116,17.68515918687214,-0.1950813173409186,-0.12356759983923812,0.009485006605338533,-12.540831195521285,-0.23914677163813694,0.22400553118523836,0.3522717802402019,0.016559966005152593,0.004306814923198139,0.13411319913636643,0.38211655791877475,0.6813083216540663,0.050038318228591366,0.4061878182761357,0.32479636431689896
54,2010-07-01,2011-12-01,0.7606178026861682,0.013984725372822629,20.8006208403043,-0.3855143617706122,-0.03728542919754873,0.00599367583423231,-10.86379361325031,-0.2870547887016256,0.5488252181185638,0.02390635843523931,0.013989654025346113,0.00043159717963387427,0.26829020959475613,0.10996828102462483,0.9005404918818478,0.05648777549768172,0.5918875369476438,0.17869755717283964
55,2010-08-01,2012-01-01,0.7609139248106255,0.0014438201817816873,19.512493896838944,-0.5312080924509774,0.26673536080015825,-0.013527041676598382,-8.874597734676392,-0.4980995520017525,0.32871590477734103,0.05578945352967321,0.0005605374122947804,0.001995665040641252,0.8823728928760246,0.0571865538667569,0.2560709365335051,0.18678390995081928,0.16955873544527666,0.07721003676262608
56,2010-09-01,2012-02-01,0.47927882926610804,0.003580861820432645,11.67156489983642,-0.2946960347261282,0.4662794894204963,-0.011276868202881147,-7.236334740248997,-0.3955416794636747,0.19852740528228963,0.20214603489455918,0.04683421563374769,0.1553544566525242,0.6395169166040215,0.2578808972624107,0.03830633539341663,0.34534744801179273,0.18937811601593013,0.17663236633778845
57,2010-10-01,2012-03-01,0.5255357046323266,0.0011517270670660165,12.993695637508209,-0.2232529392950963,0.5084618662560516,-0.015360685767306531,-7.258132619161789,-0.4223233010019591,0.03268791847714545,0.10572475064088392,0.0373703856760004,0.11198049444755123,0.8878484600604978,0.39858120786963014,0.025366073167161662,0.324364638718073,0.04334322657508635,0.08628866527853057
58,2010-11-01,2012-04-01,0.4325076410149612,0.00017757030008167782,4.087481348397594,-0.31176460083328017,0.5523012499420432,-0.013309870152738799,-3.299947950722722,-0.24580107738655313,0.05065120069413713,0.37820263111002483,0.05509482694176647,0.6332859170555292,0.9829945420760382,0.32464891922082617,0.016902054424978177,0.7071710176963211,0.11351671573395222,0.4417606365287541
59,2010-12-01,2012-05-01,0.48823995436540724,0.004156225911262791,4.102292607180951,-0.3028030439291318,0.3336767605115427,-0.009383164357118483,-3.3719640109773352,-0.2579076367396631,0.018481222244640955,0.36034958008742246,0.0029706387921562914,0.6319314389458016,0.4644143415807479,0.3063731073931426,0.04503886878172636,0.697506649358202,0.1319429181666127,0.4268305691608908
60,2011-01-01,2012-06-01,0.5146281518474557,0.005377972615574448,-7.780549431800313,-0.2607814191461717,0.2277942008120917,-0.003230875230815706,5.7034859920550955,-0.26833661473423304,0.23249509185348105,0.0949194729560524,0.09220104821100181,0.5302010891924974,0.44693427373110706,0.36320376124150267,0.3569800427361176,0.5695986551061671,0.6527016432628634,0.3567814295265761
61,2011-02-01,2012-07-01,0.8063142421508831,-0.002077364569954263,-9.347397553634714,-0.26502119602802365,-0.10086709313220929,-0.006146316737006704,4.974399381835985,-0.25450299254640457,0.39110304758225656,0.04014303333678712,0.013613069714416698,0.42651343223476135,0.7951115355070615,0.3570559959404247,0.7273125452429949,0.6325963815452431,0.4435499278637368,0.37776720689851473
62,2011-03-01,2012-08-01,0.6090524798041641,-0.0020939648482497203,-14.306594356137081,-0.37109907242930745,-0.02294132305455447,-0.005816837909359066,4.323083511434882,-0.36542831938053094,0.20677489400345117,0.005525974946366942,0.03735885394453673,0.1347885292147806,0.7918658418522284,0.15265898757336285,0.9298574962683339,0.6119700990829458,0.45545671659005715,0.1516057522277565
63,2011-04-01,2012-09-01,0.5816886230164056,-0.003255167246556489,-15.4414358925035,-0.3948351288254664,-0.05536098538373553,-0.006913737539319122,4.75615569844297,-0.4061745280721834,0.1904818760327769,0.0152773657175045,0.04758684206797693,0.1135756072291168,0.6961493776674892,0.15408120948867066,0.8336230740214294,0.587134054260974,0.38763523481990125,0.12672921968698317
64,2011-05-01,2012-10-01,0.5914527928098208,-0.0016687855875736019,-15.378702759481772,-0.3542205556523884,-0.09173777429720155,-0.007380054717127081,2.3067726296233118,-0.4421108248659123,0.22110901648528147,0.010942937167433886,0.04623803412171175,0.10860757827682954,0.8378429955713629,0.17867385070379793,0.7495197158983902,0.803714952215522,0.37202013500042663,0.09780186410388692
65,2011-06-01,2012-11-01,0.6728341304157777,-0.00019051882980312498,-15.066523465737033,-0.3561004681236835,-0.08882757779356966,-0.0039876470905100565,1.8338442697114483,-0.41739974242062017,0.5027463364935099,0.010735915853765165,0.03447443777448323,0.11063607625340287,0.98306201230355,0.1812198479751591,0.7836206980179321,0.8485142667008083,0.6459666561032147,0.10520771415865891
66,2011-07-01,2012-12-01,0.8323727851681805,9.836822513854805e-05,-2.4080635875101217,-0.346478266895872,-0.06865814256603377,-0.0024162477594325362,2.542789882278042,-0.3108280239126798,0.9639442018299085,0.5158734454940923,0.01005234887160804,0.857130572251346,0.9919737725053662,0.3916666825786098,0.8494015394699178,0.8650005899335484,0.8008133702967306,0.4326713091223988
67,2011-08-01,2013-01-01,0.9152849415161924,0.005051479638323361,-0.11634001331883148,-0.15103995725354374,-0.013598074977776283,-0.001287777124765147,11.179073769395794,-0.24088269548747349,0.6560990731104532,0.7494913017742829,0.003393119952625518,0.9921938490987331,0.4904672760399429,0.5880242741072488,0.9709070805762453,0.43084886946669654,0.8941036562173802,0.5129953439369965
68,2011-09-01,2013-02-01,1.0350214276743934,0.003758675019385101,-0.5872008870517907,-0.12363093013761312,0.17690359041699052,0.0067475590404058325,10.751901600564523,-0.23915983196220303,0.058168976495790954,0.7945073853023541,0.001216499801712514,0.9601817378791382,0.6354448353051028,0.6714313173938469,0.6311415873444174,0.42731058276078726,0.37827281910396904,0.39559407722030815
69,2011-10-01,2013-03-01,0.9428794224171535,0.004705387133165784,-14.747587967572759,0.054084171875506654,0.16881430354911306,0.007609944917724044,22.76793002545633,-0.33375442893223556,0.12993698513288698,0.4256802167828214,0.0017352266014424354,0.13622018539785002,0.5576979389256298,0.8376105654839806,0.6815276631055389,0.09230226383712295,0.3422371065461247,0.2051954007189737
70,2011-11-01,2013-04-01,1.0230739270427631,0.003579742503246498,-12.159343638608691,0.08272657193161224,-0.07595225830864782,0.010943458658618566,13.477852256644006,-0.23440820956169423,0.11186543547304349,0.599671291438365,0.0003959664047724372,0.23620173229918795,0.6478124720399328,0.7664827172376486,0.8281858809963196,0.2786181089282329,0.1568979838993957,0.39365153041103706
71,2011-12-01,2013-05-01,1.0594241216990097,0.004638236386874578,-12.228188334025507,0.10228661760417965,-0.10892335166622205,0.012001066860062212,14.365839454563558,-0.23638355672835443,0.17791371346040885,0.6423202145254949,0.00014719793287954315,0.22510464804703179,0.5565982227764845,0.7196131420701513,0.7228756460394071,0.19532455398439408,0.10717800185564715,0.3796199306708927
72,2012-01-01,2013-06-01,1.0737605961668375,0.003843480990981804,-6.53939177344709,-0.16411691743559975,-0.13199722132641925,0.012407223257203984,4.7728417894275355,-0.13839918018056135,0.2174070151826254,0.9001227112811533,7.421521513879126e-05,0.580640270548581,0.6098759063865009,0.6179238656738631,0.6425543891379555,0.7008271353321949,0.1081331259348482,0.6815954858025839
73,2012-02-01,2013-07-01,0.9995166779793501,0.010644144185269743,-7.535366567477397,-0.11811684974651047,-0.12435922381712203,0.016444764851243524,5.301397221680098,-0.07878844840336273,6.30876376225862e-05,0.8975006135448432,1.4543764852136373e-12,0.5154943219448971,0.0032327127016292443,0.6904920807779258,0.39219567616758366,0.6566969653697103,3.951835890604374e-05,0.8103557104945992
74,2012-03-01,2013-08-01,0.8816874959734433,0.01042547339081527,-1.715678719491789,-0.08926790536920041,-0.000540813287109011,0.014526673593443942,1.1705892793792347,-0.2526885483035957,0.00039527275713584784,0.8084147768828401,1.0453692172892848e-05,0.9079946929235152,0.009244985658272344,0.76394139426857,0.9977245363319974,0.9337104065723508,0.0006362395050741531,0.4233646865812025
75,2012-04-01,2013-09-01,0.9119919831414618,0.009060717668677085,-3.250944762544074,-0.01946270939486259,-0.033943038814423974,0.014182842234355928,2.818641105111881,-0.2371063896905164,0.0032480022754864894,0.9677537140165265,9.132697617470384e-06,0.8279068315296909,0.0257072074432545,0.9474902852704425,0.8603495991567944,0.8408502738543272,0.0014877167073154075,0.46535570185210606
76,2012-05-01,2013-10-01,0.9657658371406156,0.007298844108236972,-4.127552997252702,-0.022691404426957756,-0.13407749399929372,0.012067962605063683,2.3105238222914237,-0.18435669957861592,0.018990246660565497,0.7892564263929954,6.435383511672675e-05,0.776287260250607,0.1228003845580465,0.9363822796322234,0.5493297669151745,0.8636948272371967,0.02022365094828551,0.5550467815669125
77,2012-06-01,2013-11-01,1.0402412153763225,0.008860988744505152,-5.933370516586035,-0.1075477436344682,-0.17701705362255635,0.010726366426099098,2.2151060596097523,-0.15330995762043537,0.11803515242744933,0.44042307346409215,7.5486932176727226e-06,0.6572971448778828,0.07321225546854361,0.7056431372505167,0.41317332149665775,0.8588164715910274,0.033978303914529225,0.598584302595672
78,2012-07-01,2013-12-01,1.2075994572192978,0.005367932618559669,1.0570730320661346,-0.25001310667407806,-0.3909021788150147,0.0072957938030607725,-6.5623689747744,-0.2873831625535464,0.03505210446322165,0.30656979613646884,2.3325054246261938e-08,0.9366509025889499,0.25434133651883495,0.38810951317401376,0.06567081052507291,0.6154320797633623,0.1399673298727128,0.3446102601924703
79,2012-08-01,2014-01-01,1.2309856392452878,0.005722676706088556,1.5929685603034436,-0.23950124796650799,-0.4125738715546947,0.006609994796778203,-7.521305562640426,-0.34519557575729126,0.07163649167529718,0.34582292870346665,4.25114348945767e-08,0.9079873889970606,0.23364951829859604,0.41657741404800275,0.05361930569137057,0.566373828169099,0.1857984622695702,0.2601067243808898
80,2012-09-01,2014-02-01,1.2071073655164164,0.00555550354477526,-0.10318693615899847,-0.22289047133024245,-0.4115045136239615,0.00623421595930162,-7.552951150864005,-0.35127284350573956,0.05812412476737145,0.2475613911812503,1.0227776183305168e-07,0.9940127536029916,0.23153364731098458,0.42856084133000216,0.05233299429230044,0.5569514707056549,0.20145089813338657,0.23519011452117533
81,2012-10-01,2014-03-01,1.230056885558598,0.005640170348764003,-2.1547253328723803,-0.28102195435458743,-0.40981210167534426,0.007052827725766802,-9.508660769747701,-0.31668317493186593,0.17959896787356444,0.08089733889696082,2.397968862803159e-07,0.866193136460791,0.25005040010895463,0.2858858518167592,0.06575598385884796,0.426597191512347,0.160057340022841,0.24013215224580342
82,2012-11-01,2014-04-01,1.322173629388884,0.00857057677660991,-2.521662644085277,-0.0897738128953949,-0.35540840322412137,0.007624080613402085,-1.822288960966343,-0.2253956493890187,0.9764836090529527,0.6142017443104674,1.56096501217325e-07,0.8212901224354258,0.14267166234301,0.7288038680520946,0.1837910921369189,0.8776999469597291,0.1774091652194435,0.36791929852994765
83,2012-12-01,2014-05-01,1.3552152875081098,0.008211935386366815,-4.956493010544266,-0.24113040927853263,-0.3465179119562655,0.008078362022409044,3.2612521948519646,-0.134978885691267,0.7110518259352934,0.9982880601287475,2.7124764372867596e-08,0.6220489274091304,0.21548226119734004,0.3778705926449447,0.2289493590914804,0.7836800123515243,0.17608722325854897,0.5836374193990934
84,2013-01-01,2014-06-01,1.3590704021400457,0.00018378889563484165,-5.5882719915755406,-0.3435246293514328,-0.23065465189033427,-0.004264285512985571,4.351494175829228,-0.2953709819518491,2.7355779732193507e-05,0.8221523280752885,5.674818447347623e-37,0.554707845339238,0.9537052007921638,0.21975602396317595,0.07266307061486534,0.7017457628656605,0.18231289144757212,0.29615042980650885
85,2013-02-01,2014-07-01,1.588011984487206,0.0002598875837856296,-13.137074972438532,-0.3444548627897328,-0.4436441078416815,-0.004718300466702333,10.496639586890618,-0.2724853246462939,0.019929513456080968,0.9859879796569985,7.995813076098864e-08,0.5853992293316979,0.9425423853023884,0.24053101880596273,0.2098046011077478,0.7154448698026779,0.1929549030093033,0.35562892176806704
86,2013-03-01,2014-08-01,1.3443270970597745,0.0015700101244555,-6.752575351032416,-0.38899434077002,-0.20050149714384097,-0.00403560236340137,3.9093527829929453,-0.28760835685493524,0.035912983728813054,0.9060803704753464,1.9590676029142924e-05,0.758137808694825,0.7052325793059855,0.1784029169098934,0.6054260579784345,0.8850029152828721,0.337553163027164,0.3264216613680143
87,2013-04-01,2014-09-01,1.9276526605214968,0.0012775798487658916,1.9936059889384643,-0.34001240572474994,-1.0363343658215856,-0.0006765605774029108,-8.341709631402448,-0.19667263866175289,0.6800332000199591,0.4634433890988793,5.856701463770995e-05,0.9173507562003719,0.8533349352446192,0.21927186456316217,0.07011039960716309,0.7158446181818368,0.9225212277906385,0.4802271091764646
88,2013-05-01,2014-10-01,1.8718321371019668,-0.0008606733504991028,-5.1876770674298305,-0.10378902312098581,-0.9851786087450454,-0.0007925873995027533,2.920945935311483,-0.1412720801235961,0.5380956726469055,0.3517973851863463,4.577844712726947e-13,0.5018243220809655,0.9046583589429764,0.6286297945806074,0.0004646125306006157,0.7282088225773115,0.9062828617086154,0.4822787953765417
89,2013-06-01,2014-11-01,1.7816489304129073,0.0013437894466195453,3.156011405881417,-0.12207182765175388,-0.8795433177165571,-0.0017364623532747149,-6.965635408018779,-0.09163558318170814,0.8283045521954319,0.03316398888821079,1.771832807320987e-17,0.654262003214884,0.8921569801677067,0.7143780649435778,4.4913944766574166e-05,0.3368829599134243,0.8009697989651167,0.6926035048542172
90,2013-07-01,2014-12-01,1.6575994249568728,-0.003727362190202488,9.444767433416633,0.313718870781383,-0.7485954171488023,0.006813171636756914,-13.436881670824796,0.2719615426520591,0.640453035129819,0.1157449200397504,1.673607583669574e-17,0.23548840405912075,0.6725271903952941,0.3843294362572144,0.00018450302979617478,0.10073651627204278,0.49262710217764094,0.5030214082165545
91,2013-08-01,2015-01-01,1.6376693121955648,-0.007142867427576081,9.915384282141503,-0.20311367334367425,-0.7604048590703637,0.006363589471167059,-16.29533752208499,-0.023206046341136693,0.5447389858568702,0.0439929958671606,3.3930206360707085e-19,0.25329401790665207,0.23979670536459474,0.48125966583262847,3.721560375036776e-05,0.06258692492646795,0.44700265557257546,0.9534088777976071
92,2013-09-01,2015-02-01,1.6307668448566806,-0.004597899815023002,9.683574307276077,-0.16728759411045274,-0.756861070872653,-0.0005113147385300422,-16.24026046352815,-0.13746238689352216,0.5701974735138993,0.048252756370888744,3.997020938224265e-17,0.27303195426965743,0.4329058643528747,0.5312850201800094,8.697998071056385e-05,0.06466593729111096,0.9270705760383211,0.5892574253315817
93,2013-10-01,2015-03-01,1.6504449651371649,-0.005735747435065422,9.588939759287385,-0.19663173007326076,-0.833518396339073,-0.004807750682467006,-18.665577708498823,-0.28555103968618206,0.9869559386784753,0.041214673845232655,1.8742029741035904e-11,0.274424027731502,0.4392568367949403,0.457635873233076,0.0006227282183868952,0.03184931504830551,0.4971237308928357,0.25859441150103246
94,2013-11-01,2015-04-01,1.5662308547452333,-0.009004808642522925,15.664141528389484,-0.05048731398657851,-0.7992393534633679,-0.004444548765671936,-23.150544268127494,-0.314088342295306,0.6467470221371369,0.018075940509831242,7.389027331170142e-13,0.06984614762472362,0.2170287449346594,0.8611329304122377,0.0004222556275922725,0.009845964379601693,0.5247782669786697,0.2559749137986598
95,2013-12-01,2015-05-01,1.5290583169624774,-0.0039803260655380535,16.113840844742697,-0.040136091679415266,-0.7428393245679419,-0.002782322892551298,-22.40665735753191,-0.25308752720648253,0.44500487958992185,0.01707982959408015,9.692949830163367e-12,0.061581299474582823,0.5394385812137441,0.871972664159467,0.0008793362635907153,0.0089707059082009,0.679447040772159,0.32763237914858034
96,2014-01-01,2015-06-01,1.5030659873150494,-0.0036278687081936823,15.930336089313625,-0.012990147629719118,-0.718864825164001,0.0016011074510303089,-22.988183323268487,-0.42608303685298216,0.31989197598016317,0.04617396811013538,5.4636271302711325e-11,0.08388509199379075,0.5811626111370496,0.9608159411707896,0.001343079468691793,0.010762825006883832,0.7790818233184333,0.0633673295864184
97,2014-02-01,2015-07-01,1.4866406393629035,-0.003952241989175685,8.557710266215157,0.3113527071301954,-0.7232838219335016,0.00264133272767429,-16.250609589837744,-0.47083322794850924,0.22229365023566805,0.4410316492288008,7.581172440505175e-12,0.444526449664157,0.4894315747257081,0.2907778497431318,0.0006308314222937295,0.1362595779390517,0.6551455022019959,0.12245544521676092
98,2014-03-01,2015-08-01,1.5185016937034073,-0.005055252205128682,3.4653992385039443,0.49081901529224875,-0.7412111132937202,0.0017687128771477318,-13.175108775178554,-0.33177391500495407,0.32696929046178846,0.8611384560074926,2.464575645802652e-13,0.7595284711834833,0.3207068592981386,0.07732391674855899,0.00034934384492477956,0.24422715241326776,0.7547475734787256,0.28300328005092146
99,2014-04-01,2015-09-01,1.5514767768580104,-0.005671714543796414,4.00580434057682,0.4802834945866568,-0.7770089190292246,0.0008183657810983077,-15.169382766466297,-0.2885303092473674,0.3650171418654784,0.5886005244592036,4.162521683724255e-14,0.7153861031856845,0.2638557947047898,0.07698649950496456,0.0003782910749490752,0.19458576750479295,0.8746581929488355,0.29856928207826916
100,2014-05-01,2015-10-01,1.5033609947109725,-0.005337340391298786,6.506491488112833,0.50852455409907,-0.7133841719595807,0.0010956040943073092,-15.864795083855029,-0.41277655200574576,0.4273582449064225,0.9717307289962418,5.780592243315674e-14,0.583214278083274,0.27628587414156924,0.0800526163268175,0.0012622565175702237,0.22626285909037658,0.8147904832879699,0.1364112866199635
101,2014-06-01,2015-11-01,1.2798941388987906,-0.0022554973640178467,12.725286890539381,0.47293221731636537,-0.41238983556490083,-0.0009411825270726628,-23.249985585345257,-0.3858512276150021,0.6480831498620045,0.6161927847574621,1.0798135027892228e-11,0.2937001087462686,0.5557363465363332,0.05485665348357092,0.03914503827214959,0.0707114889498412,0.8095615417468779,0.12466747856102788
102,2014-07-01,2015-12-01,0.8845704095325595,-9.204717690946949e-05,13.738054414762592,0.45699625647258907,-0.03520036142104372,-0.0025555565975993256,-22.608101185600425,-0.32227369063655814,0.10796553563533223,0.8329060515088749,9.904903543978386e-06,0.43146728948877555,0.9755896153292809,0.08163767886672756,0.8609140154275021,0.19710462023961028,0.3799921289074252,0.20445386012018485
103,2014-08-01,2016-01-01,0.5966605744078972,-0.00032367668850242636,29.66858453895206,0.4255527828109442,0.1972492281127868,-0.0027068561937726534,-39.21002143558531,-0.3171239722399057,0.020087585995684953,0.2810925324669451,0.025585504287379813,0.32856118733199513,0.906255877405661,0.17297718253371763,0.41085150549688787,0.1501943779029646,0.30953072075634813,0.29470958431894134
104,2014-09-01,2016-02-01,0.6089258614055192,-0.0022072705733204787,20.059093389022365,0.223741317417029,0.18536044659764636,-0.0018897499823708357,-35.55868720300234,-0.31318340127084543,0.011956370224064245,0.5235742153959704,0.04333906394480687,0.5286414515643287,0.36958007398517834,0.3892246539398009,0.4742910279825685,0.1937956483888944,0.5017580379852757,0.2919357820883435
105,2014-10-01,2016-03-01,0.9306299170868203,0.000912555414326951,26.22694815352243,0.2100172555027653,0.03698130747881369,-0.007361793825515425,-43.65778622886774,-0.41174270886106074,0.03583634299657007,0.5964268920330777,0.05640555249960052,0.3972245051726675,0.8283451403667504,0.4320477301527721,0.9331360446137077,0.11887480879987307,0.08094404793619012,0.12431869075436464
106,2014-11-01,2016-04-01,1.1987592846718031,0.0011885427396065283,11.477649743563566,0.19468422765314955,-0.1960804395218049,-0.006881167341954615,-30.876597180230036,-0.43856960642008413,0.046934935626098684,0.7135862651553075,5.18390092089468e-05,0.5405915499499301,0.7786690680338397,0.46723448961305625,0.6061800261656881,0.19985834267513203,0.10020658980208062,0.0980312845583375
107,2014-12-01,2016-05-01,1.1671180123813496,0.0018609762722856156,12.545847325310547,0.2797606253245132,-0.27832860550293365,-0.008536789525530955,-23.14793348462411,-0.2622812924728654,0.049594400998628003,0.9556831546300107,0.00011046523663981829,0.5257772582544096,0.6836731346174054,0.34975114824714293,0.459550391284423,0.34773411994974357,0.023090190602753503,0.28661129334523505
108,2015-01-01,2016-06-01,1.2952067724778216,0.0005461118599559743,3.5653830015734784,0.3968239996906778,-0.49040338570388653,-0.00803558051521525,-7.208797478265355,-0.3458418793293535,0.08296161533908634,0.967856786877269,7.697536396545097e-07,0.8339562908803158,0.90422901220019,0.17798431312884888,0.08284848624829284,0.6944727832995492,0.0599056273245302,0.21218524594895327
109,2015-02-01,2016-07-01,1.2228485948678007,0.001272881269896369,4.736694103565153,0.39338188447463796,-0.31699948591188704,-0.008003839439932936,-4.482525560516292,-0.33406752731057365,0.1940245753666594,0.7127739262453635,7.109340285149411e-07,0.7542847985124549,0.7776210047609264,0.15491221912663888,0.1814339663365755,0.7581193690332004,0.06423156792196419,0.20812228563387947
110,2015-03-01,2016-08-01,1.3007705580828126,0.002765319120164359,-0.0380296529634072,0.2775482545589414,-0.3591360403485017,-0.008073758180844819,4.4509909356464545,-0.3186428639271028,0.20185487127208124,0.31772375975495637,6.7743977712798575e-06,0.9977440384220165,0.6057532965882371,0.265637633391276,0.21524050858233956,0.7413717294488789,0.10498586448642747,0.16918722138521314
111,2015-04-01,2016-09-01,1.4797230628659226,0.003328930699496898,-0.018725488363721603,0.14114504880628484,-0.4851037823224231,-0.00757755051845995,5.68276123757325,-0.36732672718142584,0.37399427037202915,0.18033697097312928,3.8131883725275785e-07,0.9987456684328714,0.6245231525854592,0.6116765112595709,0.11144367339500277,0.6482738634565266,0.1745413976344462,0.10736415487632386
112,2015-05-01,2016-10-01,0.9711002348453494,0.009466596312091242,2.0657444387607344,0.09238443396010217,-0.1845835345860575,-0.009289613168962733,5.368803283636941,-0.46261451725971786,0.20592803665822412,0.10220157171894631,0.012426743247009151,0.8429119498536054,0.3472193051545638,0.7324530930965419,0.6745496868047409,0.6489932279553512,0.35214936361425975,0.08421437390384377
113,2015-06-01,2016-11-01,1.1489402468166685,0.00836271484147621,2.4533430020848654,0.07261574920351788,-0.4405598463206163,-0.007952296171337385,3.4262118532951886,-0.39952599239967973,0.21363263451294923,0.21985957642354004,0.00011110827341277611,0.7480099303490348,0.41332519151860936,0.7821500665959408,0.1114647935704304,0.6299121532203763,0.4544173740446784,0.14345990062534744
114,2015-07-01,2016-12-01,1.1834312358815746,0.006829531352114295,2.942237850442325,-0.058079835999999024,-0.47970107412200635,-0.008642203386080028,1.9611603097156227,-0.42623541490018085,0.21598854479447793,0.2799080941817702,9.8990552390237e-06,0.6441357752280032,0.5210524269637908,0.8185313014910148,0.05719466335812512,0.7437590401234373,0.40829323361859904,0.08642475104684841
115,2015-08-01,2017-01-01,1.1755148843996996,0.00465576300413753,1.547676831813826,-0.19335584496223976,-0.4878204362474031,-0.010368836864793235,1.9771591607972414,-0.49156454368961006,0.14945270639464361,0.5167069096236162,3.0714096931980226e-06,0.7871381707766799,0.6754348369014538,0.44466677207341243,0.04784321738921799,0.7244452671293615,0.3260577896390344,0.04070610136445521
116,2015-09-01,2017-02-01,1.1820197784957571,0.0017079615155698492,1.2930252108535385,-0.1481535793092512,-0.5304862968775356,-0.015627117492040873,2.5128434748378803,-0.4221966804107994,0.049811740713057114,0.41956758327693844,2.416354047759025e-07,0.8152687192928417,0.8688104560134541,0.5534806687133809,0.019841709643524115,0.6481486276504945,0.1304174630933904,0.09103166994337454
117,2015-10-01,2017-03-01,1.140500479620796,0.006656207512504325,1.8336296718476304,-0.1929483644064636,-0.5731221567861678,-0.015530436453298763,2.3009415148381165,-0.40395399875154325,0.009379198351997006,0.3716959046714313,8.274753577174931e-07,0.7429659150409809,0.5470735492288109,0.4700835088321671,0.010035698502388193,0.6688321179588245,0.1294512784086897,0.10265711430861982
118,2015-11-01,2017-04-01,1.0496717791383101,0.007682248180059353,3.5492072159985515,-0.28110873005740117,-0.492185519447154,-0.01461107398305985,3.4265363420479455,-0.6005033117938946,0.03028071797519975,0.0699784901350608,1.52687083921134e-05,0.4565163771072379,0.5221803487427706,0.233088504535381,0.029718147684790367,0.44094266335733134,0.22606535832979113,0.011297415324147521
119,2015-12-01,2017-05-01,1.0008692097968728,0.009882703034136815,0.8545045594951266,-0.11488326612223393,-0.5103281485532892,-0.012562322601876013,1.5794584510952705,-0.45650773499738684,0.01464958091712547,0.4603536872074657,2.687107627213312e-05,0.6934234634655307,0.4071993138889306,0.28931787915723584,0.020222423564576528,0.42928080205350583,0.2925598861922951,2.5945804248939072e-05
120,2016-01-01,2017-06-01,1.0056618485619981,0.02125146506303358,0.717781950988847,-0.3943820393273652,-0.4847212871069452,-0.013044183723737245,1.000294553552335,-0.4400310831712368,0.035399183151676845,0.9214593109473592,1.864336471100306e-05,0.6923975544985503,0.29235887926398696,0.011398641587440729,0.02670430477126541,0.5537890413015851,0.2683108503835204,1.3297860264592815e-06
121,2016-02-01,2017-07-01,0.9761247688060724,0.025526870006235172,0.38188369859554316,-0.3439956821659301,-0.4407486693344922,-0.0007757842907218282,1.2865387228161498,-0.3646140561806933,0.08009424020340739,0.9232508102253215,0.00010326912128718355,0.8420082774213687,0.2704242848048841,0.05132062054828784,0.06323772703601796,0.47679117900705803,0.9739531369378294,0.044048783828503225
122,2016-03-01,2017-08-01,1.1205100878022929,0.035458447002234356,-0.39679457319334616,-0.32502342324561745,-0.5482995732547291,-0.00715880566562577,1.7201906068160644,-0.3111104074495774,0.13259900778981476,0.8707921901248864,5.399904301060374e-05,0.8560219368314987,0.2998439341013398,0.2278291470341196,0.04415707230677722,0.4229792234431823,0.7670234108090612,0.10228227137174767
123,2016-04-01,2017-09-01,1.136670946611789,0.03526929543026064,-0.5047772875452612,-0.3114934633148915,-0.5687910595848791,-0.02306957374247322,1.6536644916978909,-0.38463610661392506,0.11594245130914908,0.7922894075036203,1.5215249849853711e-05,0.8082854344075913,0.2905055327981827,0.2383200548228932,0.0346686472003544,0.43793570557671446,0.4741368149863775,0.1317032075910631
124,2016-05-01,2017-10-01,1.1323870930619027,0.03483564970143439,-0.5932909230148875,-0.39527522223111755,-0.5723699407946191,-0.022560346032838782,1.8683982039834228,-0.44621312225045995,0.08009387276543727,0.604132468587959,1.3949226296776387e-05,0.7636804474220427,0.30687982460963614,0.12568480583693628,0.034464241096364756,0.3619233679576559,0.4974381193696491,0.07630381532970178
125,2016-06-01,2017-11-01,1.1420939629945557,0.03797334803126728,-0.8416160754190024,-0.4266070627890875,-0.5904380914032906,-0.015274784413972103,2.6194124456965233,-0.4203496756853993,0.08205654091015398,0.8745034655187923,5.886012224788637e-06,0.6814326134480049,0.25273518451003174,0.11411870608109044,0.02157234799493313,0.21003434202539562,0.6349144197608326,0.10811959025846739
126,2016-07-01,2017-12-01,1.079278746337009,0.029493918493848463,-1.195670117338852,-0.4190678076401467,-0.5781984104726492,-0.013723345063465281,2.826642358193908,-0.4034382020146587,0.031229016463395473,0.996096699187394,2.3442361764058722e-06,0.5439464058597042,0.3056081128256526,0.09123507740963176,0.0118843605237273,0.1536201549622765,0.6340531790288043,0.10444125282225418
127,2016-08-01,2018-01-01,0.6675337692494017,-0.00693605629583564,0.1568581092893578,-0.34705203329897977,-0.3225885094202274,-0.014421227462150169,1.8415309494937782,-0.4854590231157744,8.615656156725752e-05,0.8839265940943798,7.660945291202361e-05,0.947914724187302,0.732722874609016,0.22968026338770864,0.03495196012443571,0.397392041191151,0.40831065373948605,0.050386693323955595
128,2016-09-01,2018-02-01,0.7242255885572293,-0.010328017430982002,-1.3331768817248066,-0.5894346023888534,-0.33320393055937503,-0.012175549693017838,2.4871376795165148,-0.5449906647199203,0.005161437048803791,0.8442380572389249,0.005810733928544818,0.7615727093694474,0.5826615404831968,0.060927424790691,0.039243818941547784,0.35779629483435593,0.5269615257064093,0.09060757501415309
129,2016-10-01,2018-03-01,0.7014043046353773,-0.013269705687992659,-0.08020810014708941,-0.3599297118147064,-0.43193066012524445,-0.006327107430123283,-0.41650152482139235,-0.5465428224504246,0.0023184836383732177,0.7069584223818404,0.00526509290617142,0.9854545718890433,0.40357755214201174,0.19552141611532536,0.03957421648688211,0.9097192895640863,0.7408001105993104,0.10255421657329553
130,2016-11-01,2018-04-01,0.7151411121560581,-0.014543870605643595,0.32330739694060484,-0.07407227238967601,-0.4775521977225722,-0.006531005468231354,2.0687762400955583,-0.11172563187602025,0.0015756684651640946,0.6390062907438597,0.004162687233973311,0.9461878546608468,0.342276476334226,0.8010468766644115,0.046480068426272426,0.6531666022439304,0.6713292319380718,0.7052915104160442
131,2016-12-01,2018-05-01,0.6324471973683918,-0.022677366053900423,1.5309188567710112,0.02144886502474377,-0.3999699574252161,-0.004501535681748534,1.0283944390793822,-0.15084779874298848,0.0006285295331687741,0.5603494787948471,0.01225326707372145,0.7569949082453273,0.1452634589043292,0.9439518183124276,0.09668309597306432,0.8274480241137243,0.7588809062933545,0.5996216556213587
132,2017-01-01,2018-06-01,0.7134845461681011,-0.019300678856971176,2.175241778306728,-0.04694381052294315,-0.3312042491520865,-0.01684544274917445,0.2535666575134894,0.15152572632108846,0.06580682527161778,0.5279686770094543,0.07619454667171796,0.7369698570388734,0.4002873191345907,0.89886138018512,0.347863221597254,0.9643855993761369,0.4961942993244073,0.7037313867402075
133,2017-02-01,2018-07-01,0.682838751630381,-0.037330864611589194,1.833137601204525,-0.05611819636973846,-0.04049256896048022,-0.02156810358636385,0.6032203759303365,0.1348319795986069,0.17364167989738333,0.4809322738455315,0.017518317754189983,0.7411289890336994,0.04832256292215583,0.8778042107878914,0.8997366211597198,0.9225477018945885,0.27757932928751927,0.7251391909583632
134,2017-03-01,2018-08-01,0.8001415871743631,-0.03240142563107029,7.173072915261837,0.15887861089604433,-0.07366414549362336,-0.02032036269439412,-6.547305608767944,0.5082668682306204,0.20659411195918953,0.709203156887788,0.0544196066409006,0.3639356963653936,0.15188743377105124,0.7114321305568128,0.8538226513990307,0.38858034855270174,0.3761928451546832,0.24385380428224368
135,2017-04-01,2018-09-01,0.9128467107217155,-0.01849754508809752,7.604940296776168,0.11338324186988717,-0.432837432252387,-0.026404075183559476,-5.129768168505509,0.5955020868288667,0.02729626011682607,0.4002504270755033,0.07838480951658931,0.39477806835173057,0.4913134205362705,0.8065986604229292,0.36420020199705894,0.5325708328199636,0.31334085382389876,0.18695848096239398
136,2017-05-01,2018-10-01,0.4286903416247441,-0.03393933848050135,9.536492158504524,0.19208217055107352,0.06091087376251649,-0.046578181631774095,-7.04802962932667,0.7043489608634838,0.040003802515530686,0.32878601642297933,0.3043290647583131,0.13525093146955766,0.20251917540564313,0.6372995839335508,0.8601526050171466,0.18266428870693396,0.05165872116909399,0.0544073067482037
137,2017-06-01,2018-11-01,0.4840699269570272,-0.029595463903666828,7.315536810152312,0.1083922376637256,0.027635259103252492,-0.04424300298605497,-6.066224347106783,0.5633012713423564,0.03812040125593947,0.377780482969999,0.2564524936345878,0.26204409305971843,0.2849126020073952,0.7978523180827803,0.936973335338197,0.25630989785628455,0.058768765720401774,0.11557237528530856
138,2017-07-01,2018-12-01,0.7220906951413317,-0.008915988705712929,5.2415522313584155,-0.12104423931180554,-0.12259535601745991,-0.021222213204723537,-5.085898834425861,0.32708171463740343,0.0582288110885316,0.3769540478768827,0.0810495696243824,0.37117207571684585,0.7518218524930093,0.761757704817575,0.7169062860134231,0.28812991723114034,0.34243680222980366,0.30149337180489766
139,2017-08-01,2019-01-01,0.798989125120347,-0.0006262382393669726,3.014986710299749,-0.3669156106074686,-0.19054277569459613,-0.017010146952333254,-3.1179724951068257,0.20030063708834125,0.06724378740442113,0.38694934280638527,0.04732339302379841,0.6159570815191243,0.982066462043984,0.3774315167441875,0.5594552206073149,0.522127730177455,0.4697403766074807,0.5683460724762884
140,2017-09-01,2019-02-01,0.8036052723486901,-0.0020279804874562915,2.485372021523496,-0.0064251492040786895,-0.18870672956263088,-0.01775326279229693,-2.381378727641342,0.21149960858626785,0.10579922361231575,0.8984860155158296,0.04650665865674291,0.8038424318947135,0.9411882868084954,0.9924766034531292,0.5647114452892184,0.7694025688622991,0.461451732338206,0.7233879518452504
141,2017-10-01,2019-03-01,0.8336116854849155,0.0009678453174560735,4.656552965095486,0.21042705771245446,-0.22060217411365773,-0.015997767854007194,-4.658033702874794,0.33929406900723563,0.11764214775122663,0.9392853117728026,0.010916342447532191,0.5641761762947528,0.9437308125418735,0.5336994120127603,0.47126905410105935,0.537279720801228,0.3641528060703012,0.4350518612210491
142,2017-11-01,2019-04-01,0.8531974051680232,0.0036735064871443865,4.142351065107925,0.1373423953397915,-0.20287743323003843,-0.008659338924581832,-5.024295348555157,0.12926904808401357,0.1634816624193247,0.9172774304224831,0.01001024916756969,0.6144521660576463,0.7834508970140832,0.6789291933303453,0.5178456723840785,0.5188250659956324,0.4983456977295381,0.6838656150422319
143,2017-12-01,2019-05-01,0.8976870769489752,0.004499540859002745,3.4970471494420767,0.13225264256851876,-0.3114938040527903,-0.011468335508672284,-3.187557502612055,0.10547255372913997,0.05629834919381171,0.8096807843946653,0.002900164703341702,0.674682987984299,0.7103580780437116,0.6929086777583369,0.2868117168352078,0.6933332218567066,0.31637851593902167,0.7388556273221585
144,2018-01-01,2019-06-01,0.8150016593922186,0.006744718100649939,0.8369832113224304,0.11389771186544949,-0.27297625945817927,-0.012011035321754892,-2.116821933485458,0.09014204522491985,0.021141567887972557,0.8864673906424363,0.004836759265894249,0.9201737394814885,0.5412938667354035,0.7209067020414908,0.32299230256707845,0.7906838527611909,0.26393515917326793,0.771543449239796
145,2018-02-01,2019-07-01,0.9108357538946588,0.008738050708065725,-2.068785003253592,0.004286397198299303,-0.28313232832912194,-0.010969760999230103,-0.7876730826739725,0.14825441957611196,0.12537082628553073,0.6984091857877215,0.008308690071983392,0.8305901782690555,0.49277051317421583,0.9904188461813408,0.32505987247928214,0.922161426152938,0.3111819385977762,0.6252037608148422
146,2018-03-01,2019-08-01,0.9023328805324122,0.007996868001644375,-1.5266707482273525,-0.0011483056236800372,-0.3201193067858141,-0.012492488396960096,-2.9675246830024133,0.05418301894487408,0.12665023326052569,0.5802532998742835,0.0071423402241216774,0.8705583744213837,0.5257581062476309,0.9973974161221912,0.30058439921194147,0.7311795142472957,0.2890262407419719,0.8692299377396344
147,2018-04-01,2019-09-01,0.9417342158103222,0.009568643371141982,-1.5577446777590818,-0.006338600673576125,-0.30154510660811396,-0.011204124567223764,-3.2011349884108244,0.04558793998779536,0.2501780226639212,0.5696126274705553,0.0070397172235431875,0.8670991899642471,0.46952445126853737,0.9856503755353584,0.3751179445530014,0.7237496195834583,0.38059132896045267,0.893460628780123
